,,high,low,adjclose,volume
NKE,2012-01-03,24.497499465942383,24.174999237060547,21.865903854370117,10944400.0
NKE,2012-01-04,24.6875,24.127500534057617,22.184371948242188,9440800.0
NKE,2012-01-05,24.645000457763672,24.25,22.17082405090332,8393200.0
NKE,2012-01-06,24.625,24.3799991607666,22.132423400878906,7760800.0
NKE,2012-01-09,24.732500076293945,24.424999237060547,22.213735580444336,10045600.0
NKE,2012-01-10,24.732500076293945,24.420000076293945,22.240840911865234,9812400.0
NKE,2012-01-11,24.649999618530273,24.447500228881836,22.166301727294922,7002800.0
NKE,2012-01-12,24.78499984741211,24.434999465942383,22.38313102722168,7516400.0
NKE,2012-01-13,24.732500076293945,24.510000228881836,22.20244789123535,6534000.0
NKE,2012-01-17,24.860000610351562,24.512500762939453,22.414752960205078,8242000.0
NKE,2012-01-18,25.280000686645508,24.674999237060547,22.78065299987793,12278800.0
NKE,2012-01-19,25.49250030517578,25.1299991607666,22.94327735900879,9158000.0
NKE,2012-01-20,25.5,25.2549991607666,22.983930587768555,8949600.0
NKE,2012-01-23,25.74250030517578,25.292499542236328,22.938756942749023,8329600.0
NKE,2012-01-24,25.594999313354492,25.2549991607666,23.085567474365234,6564400.0
NKE,2012-01-25,25.822500228881836,25.47249984741211,23.31143569946289,11383600.0
NKE,2012-01-26,25.80500030517578,25.447500228881836,23.105897903442383,7528000.0
NKE,2012-01-27,25.657499313354492,25.375,23.062986373901367,6934000.0
NKE,2012-01-30,26.037500381469727,25.217500686645508,23.352087020874023,11892000.0
NKE,2012-01-31,26.235000610351562,25.864999771118164,23.48760414123535,24751600.0
NKE,2012-02-01,26.207500457763672,25.934999465942383,23.433399200439453,10000400.0
NKE,2012-02-02,26.047500610351562,25.642499923706055,23.22334861755371,9372800.0
NKE,2012-02-03,26.0,25.774999618530273,23.376937866210938,13192000.0
NKE,2012-02-06,25.96500015258789,25.670000076293945,23.367897033691406,6230400.0
NKE,2012-02-07,26.174999237060547,25.739999771118164,23.541820526123047,5231200.0
NKE,2012-02-08,26.665000915527344,26.1299991607666,23.925779342651367,11142800.0
NKE,2012-02-09,26.545000076293945,26.30500030517578,23.887392044067383,5847600.0
NKE,2012-02-10,26.397499084472656,26.190000534057617,23.808338165283203,6210000.0
NKE,2012-02-13,26.482500076293945,26.155000686645508,23.765422821044922,5875200.0
NKE,2012-02-14,26.65999984741211,26.072500228881836,24.08388900756836,9526000.0
NKE,2012-02-15,26.907499313354492,26.577499389648438,24.07711410522461,9935200.0
NKE,2012-02-16,26.857500076293945,26.387500762939453,23.97772979736328,6658000.0
NKE,2012-02-17,26.8700008392334,26.56999969482422,24.095182418823242,6957200.0
NKE,2012-02-21,26.795000076293945,26.177499771118164,23.704437255859375,7308800.0
NKE,2012-02-22,26.559999465942383,26.2450008392334,23.8806095123291,6237200.0
NKE,2012-02-23,26.674999237060547,26.385000228881836,23.973215103149414,5860400.0
NKE,2012-02-24,26.649999618530273,26.407499313354492,24.007091522216797,4675200.0
NKE,2012-02-27,26.927499771118164,26.385000228881836,24.205854415893555,6077200.0
NKE,2012-02-28,26.907499313354492,26.6299991607666,24.264583587646484,5047600.0
NKE,2012-02-29,27.06999969482422,26.732500076293945,24.375255584716797,7088400.0
NKE,2012-03-01,27.2450008392334,27.0049991607666,24.59733772277832,7070400.0
NKE,2012-03-02,27.264999389648438,26.987499237060547,24.64266586303711,7011200.0
NKE,2012-03-05,27.417499542236328,27.075000762939453,24.755977630615234,7173200.0
NKE,2012-03-06,27.30500030517578,26.74250030517578,24.325397491455078,7887200.0
NKE,2012-03-07,27.037500381469727,26.825000762939453,24.379789352416992,7177600.0
NKE,2012-03-08,27.125,26.915000915527344,24.452306747436523,4564800.0
NKE,2012-03-09,27.537500381469727,27.049999237060547,24.923677444458008,9813600.0
NKE,2012-03-12,27.479999542236328,27.149999618530273,24.803564071655273,9208000.0
NKE,2012-03-13,27.709999084472656,27.385000228881836,25.100439071655273,9531200.0
NKE,2012-03-14,27.8075008392334,27.540000915527344,24.996192932128906,7452400.0
NKE,2012-03-15,27.767499923706055,27.577499389648438,25.09364128112793,7297200.0
NKE,2012-03-16,27.94499969482422,27.639999389648438,25.204681396484375,14449600.0
NKE,2012-03-19,28.1299991607666,27.739999771118164,25.410911560058594,10399600.0
NKE,2012-03-20,28.24250030517578,27.9325008392334,25.322528839111328,10681200.0
NKE,2012-03-21,28.174999237060547,27.594999313354492,25.02791976928711,15109600.0
NKE,2012-03-22,27.907499313354492,27.270000457763672,25.15256118774414,20453600.0
NKE,2012-03-23,27.875,26.517499923706055,24.34352684020996,26509200.0
NKE,2012-03-26,27.200000762939453,26.93000030517578,24.599607467651367,12512800.0
NKE,2012-03-27,27.292499542236328,26.93000030517578,24.447771072387695,10130800.0
NKE,2012-03-28,26.982500076293945,26.56999969482422,24.30046844482422,9239200.0
NKE,2012-03-29,26.997499465942383,26.575000762939453,24.440969467163086,7893200.0
NKE,2012-03-30,27.295000076293945,26.962499618530273,24.574674606323242,9274800.0
NKE,2012-04-02,27.457500457763672,26.997499465942383,24.706127166748047,9788000.0
NKE,2012-04-03,27.412500381469727,27.075000762939453,24.785438537597656,4644000.0
NKE,2012-04-04,27.47249984741211,27.170000076293945,24.81262969970703,8866800.0
NKE,2012-04-05,27.63249969482422,27.25,25.0165958404541,8787600.0
NKE,2012-04-09,27.75,27.127500534057617,25.084577560424805,11309600.0
NKE,2012-04-10,27.625,26.482500076293945,24.12596893310547,16864400.0
NKE,2012-04-11,27.1924991607666,26.86750030517578,24.53162384033203,12034800.0
NKE,2012-04-12,27.174999237060547,26.792499542236328,24.622272491455078,11554800.0
NKE,2012-04-13,27.399999618530273,27.06999969482422,24.7401123046875,2622000.0
NKE,2012-04-16,27.469999313354492,27.170000076293945,24.792238235473633,7135200.0
NKE,2012-04-17,27.5,27.299999237060547,24.889678955078125,5772000.0
NKE,2012-04-18,27.737499237060547,27.262500762939453,25.055112838745117,8174800.0
NKE,2012-04-19,27.737499237060547,27.25749969482422,24.839824676513672,8027600.0
NKE,2012-04-20,27.860000610351562,27.4325008392334,25.102705001831055,9299600.0
NKE,2012-04-23,27.4950008392334,27.167499542236328,24.87154769897461,6355200.0
NKE,2012-04-24,27.440000534057617,26.584999084472656,24.19169807434082,13254400.0
NKE,2012-04-25,27.264999389648438,26.732500076293945,24.70838737487793,8388400.0
NKE,2012-04-26,27.6875,27.1825008392334,25.007522583007812,6228400.0
NKE,2012-04-27,27.889999389648438,27.452499389648438,25.0732479095459,9349200.0
NKE,2012-04-30,28.0,27.75,25.35198974609375,9552400.0
NKE,2012-05-01,28.0,27.625,25.222814559936523,10164000.0
NKE,2012-05-02,28.639999389648438,27.760000228881836,25.898141860961914,10581200.0
NKE,2012-05-03,28.702499389648438,28.3799991607666,25.925336837768555,10340800.0
NKE,2012-05-04,28.512500762939453,27.885000228881836,25.338390350341797,7205600.0
NKE,2012-05-07,28.075000762939453,27.799999237060547,25.250011444091797,6864000.0
NKE,2012-05-08,27.537500381469727,26.639999389648438,24.64040184020996,14058800.0
NKE,2012-05-09,27.219999313354492,26.770000457763672,24.508962631225586,9026000.0
NKE,2012-05-10,27.377500534057617,26.809999465942383,24.375255584716797,9458800.0
NKE,2012-05-11,27.325000762939453,26.665000915527344,24.53388786315918,6328400.0
NKE,2012-05-14,27.114999771118164,26.735000610351562,24.3548583984375,5636400.0
NKE,2012-05-15,27.252500534057617,26.752500534057617,24.298208236694336,7127600.0
NKE,2012-05-16,27.229999542236328,26.55500030517578,24.248348236083984,9965200.0
NKE,2012-05-17,26.75,26.0674991607666,23.645540237426758,9444400.0
NKE,2012-05-18,26.94499969482422,26.270000457763672,23.894824981689453,15844800.0
NKE,2012-05-21,26.84000015258789,26.327499389648438,24.30046844482422,9034400.0
NKE,2012-05-22,27.287500381469727,26.799999237060547,24.576948165893555,10214000.0
NKE,2012-05-23,27.25,26.545000076293945,24.366191864013672,8513200.0
NKE,2012-05-24,27.15999984741211,26.69499969482422,24.35712432861328,8629600.0
NKE,2012-05-25,27.297500610351562,26.905000686645508,24.65399742126465,6687600.0
NKE,2012-05-29,27.729999542236328,27.28499984741211,25.136695861816406,8734800.0
NKE,2012-05-30,27.582500457763672,27.0575008392334,24.613203048706055,10357200.0
NKE,2012-05-31,27.212499618530273,26.665000915527344,24.597286224365234,10796800.0
NKE,2012-06-01,26.637500762939453,26.045000076293945,23.78329086303711,9376400.0
NKE,2012-06-04,26.280000686645508,25.78499984741211,23.8060302734375,10202000.0
NKE,2012-06-05,26.440000534057617,26.0,23.990203857421875,9183200.0
NKE,2012-06-06,26.774999618530273,26.4325008392334,24.344905853271484,7794000.0
NKE,2012-06-07,27.09749984741211,26.5625,24.410844802856445,7079600.0
NKE,2012-06-08,27.1924991607666,26.577499389648438,24.701885223388672,7254400.0
NKE,2012-06-11,27.477500915527344,26.850000381469727,24.43358039855957,6257600.0
NKE,2012-06-12,27.165000915527344,26.684999465942383,24.465410232543945,10159600.0
NKE,2012-06-13,26.88249969482422,25.31999969482422,23.242143630981445,22770400.0
NKE,2012-06-14,25.864999771118164,24.84000015258789,22.741918563842773,24052400.0
NKE,2012-06-15,25.5,24.889999389648438,23.13527488708496,16830800.0
NKE,2012-06-18,25.4325008392334,25.032499313354492,23.055692672729492,12656800.0
NKE,2012-06-19,25.662500381469727,25.332500457763672,23.0875244140625,8638400.0
NKE,2012-06-20,25.68000030517578,25.157499313354492,23.010217666625977,12839600.0
NKE,2012-06-21,25.614999771118164,24.63249969482422,22.432695388793945,16054400.0
NKE,2012-06-22,24.8799991607666,24.56999969482422,22.6009464263916,15357200.0
NKE,2012-06-25,24.684999465942383,24.174999237060547,22.159841537475586,11873200.0
NKE,2012-06-26,24.71500015258789,24.325000762939453,22.384944915771484,9580000.0
NKE,2012-06-27,24.90250015258789,24.375,22.30763816833496,11222400.0
NKE,2012-06-28,24.6200008392334,23.959999084472656,22.030241012573242,23916800.0
NKE,2012-06-29,22.625,21.274999618530273,19.958866119384766,86339600.0
NKE,2012-07-02,22.372499465942383,22.00749969482422,20.202159881591797,23501600.0
NKE,2012-07-03,22.649999618530273,22.0625,20.57278060913086,14998400.0
NKE,2012-07-05,23.174999237060547,22.637500762939453,20.96385955810547,22257200.0
NKE,2012-07-06,23.0575008392334,22.6924991607666,20.77741241455078,16196400.0
NKE,2012-07-09,22.924999237060547,22.5,20.527301788330078,13910000.0
NKE,2012-07-10,23.0,22.649999618530273,20.756948471069336,14529200.0
NKE,2012-07-11,23.100000381469727,22.625,20.97749900817871,17389600.0
NKE,2012-07-12,23.059999465942383,22.552499771118164,20.877458572387695,14964800.0
NKE,2012-07-13,23.572500228881836,23.010000228881836,21.366310119628906,11396400.0
NKE,2012-07-16,23.47249984741211,23.22249984741211,21.150304794311523,11684800.0
NKE,2012-07-17,23.357500076293945,22.977500915527344,21.0911808013916,10660000.0
NKE,2012-07-18,23.735000610351562,22.9950008392334,21.516368865966797,10964000.0
NKE,2012-07-19,23.9950008392334,23.52750015258789,21.659618377685547,10861200.0
NKE,2012-07-20,23.75,23.262500762939453,21.163949966430664,11975200.0
NKE,2012-07-23,23.315000534057617,22.834999084472656,21.111648559570312,8619200.0
NKE,2012-07-24,23.482500076293945,23.102500915527344,21.136655807495117,8305200.0
NKE,2012-07-25,23.5625,23.274999618530273,21.261720657348633,8244800.0
NKE,2012-07-26,24.22249984741211,23.572500228881836,21.95975685119629,14765600.0
NKE,2012-07-27,24.362499237060547,23.90999984741211,22.06207275390625,10419600.0
NKE,2012-07-30,24.4375,23.872499465942383,21.793773651123047,9112800.0
NKE,2012-07-31,23.895000457763672,23.3125,21.225339889526367,13070000.0
NKE,2012-08-01,23.582500457763672,23.190000534057617,21.145755767822266,9594400.0
NKE,2012-08-02,23.247499465942383,22.760000228881836,21.041166305541992,10461600.0
NKE,2012-08-03,23.65999984741211,23.344999313354492,21.502735137939453,8997200.0
NKE,2012-08-06,23.934999465942383,23.662500381469727,21.718740463256836,6321600.0
NKE,2012-08-07,24.297500610351562,23.912500381469727,21.86652946472168,8313200.0
NKE,2012-08-08,24.052499771118164,23.799999237060547,21.80514144897461,8274000.0
NKE,2012-08-09,23.99250030517578,23.729999542236328,21.614151000976562,9914400.0
NKE,2012-08-10,23.7450008392334,23.582500457763672,21.486820220947266,9284000.0
NKE,2012-08-13,23.977500915527344,23.46500015258789,21.793773651123047,6880000.0
NKE,2012-08-14,24.03499984741211,23.674999237060547,21.580045700073242,10998800.0
NKE,2012-08-15,23.920000076293945,23.542499542236328,21.42315101623535,10466400.0
NKE,2012-08-16,23.84749984741211,23.357500076293945,21.55048179626465,13942800.0
NKE,2012-08-17,24.114999771118164,23.707500457763672,21.886995315551758,12295200.0
NKE,2012-08-20,24.1924991607666,23.897499084472656,21.77558135986328,7441600.0
NKE,2012-08-21,24.0674991607666,23.790000915527344,21.793773651123047,8553200.0
NKE,2012-08-22,23.997499465942383,23.797500610351562,21.77558135986328,6465200.0
NKE,2012-08-23,23.9950008392334,23.735000610351562,21.702821731567383,6762000.0
NKE,2012-08-24,24.282499313354492,23.860000610351562,22.023418426513672,9764000.0
NKE,2012-08-27,24.3125,24.024999618530273,21.925649642944336,6921600.0
NKE,2012-08-28,24.822500228881836,23.962499618530273,22.480436325073242,16471600.0
NKE,2012-08-29,24.75,24.552499771118164,22.439516067504883,9468000.0
NKE,2012-08-30,24.6200008392334,24.38249969482422,22.30715560913086,7020400.0
NKE,2012-08-31,24.6299991607666,24.237499237060547,22.21815299987793,8129200.0
NKE,2012-09-04,24.47249984741211,24.059999465942383,22.195331573486328,7589200.0
NKE,2012-09-05,24.44499969482422,24.24250030517578,22.215866088867188,6288000.0
NKE,2012-09-06,24.887500762939453,24.36750030517578,22.697385787963867,9083600.0
NKE,2012-09-07,24.9375,24.719999313354492,22.658588409423828,6991600.0
NKE,2012-09-10,25.225000381469727,24.75749969482422,22.829753875732422,8677600.0
NKE,2012-09-11,25.047500610351562,24.77750015258789,22.747591018676758,9840000.0
NKE,2012-09-12,25.229999542236328,24.850000381469727,23.012311935424805,9198000.0
NKE,2012-09-13,24.950000762939453,24.5674991607666,22.638050079345703,17326000.0
NKE,2012-09-14,24.774999618530273,23.97249984741211,22.053844451904297,22890400.0
NKE,2012-09-17,24.514999389648438,24.020000457763672,22.357362747192383,9379200.0
NKE,2012-09-18,24.5625,24.267499923706055,22.300310134887695,13601200.0
NKE,2012-09-19,25.125,24.399999618530273,22.286617279052734,18669600.0
NKE,2012-09-20,24.600000381469727,24.094999313354492,22.07210350036621,12850400.0
NKE,2012-09-21,24.385000228881836,24.049999237060547,22.026460647583008,13657600.0
NKE,2012-09-24,24.087499618530273,23.5,21.752613067626953,11824800.0
NKE,2012-09-25,24.087499618530273,23.75,21.697843551635742,15992400.0
NKE,2012-09-26,24.052499771118164,23.582500457763672,21.79140853881836,11866000.0
NKE,2012-09-27,24.15999984741211,23.662500381469727,21.907791137695312,19398000.0
NKE,2012-09-28,24.045000076293945,23.197500228881836,21.659053802490234,27354400.0
NKE,2012-10-01,24.049999237060547,23.655000686645508,21.805099487304688,11072800.0
NKE,2012-10-02,24.049999237060547,23.645000457763672,21.668176651000977,11305600.0
NKE,2012-10-03,23.885000228881836,23.405000686645508,21.405742645263672,14771200.0
NKE,2012-10-04,23.989999771118164,23.5,21.8826904296875,13058400.0
NKE,2012-10-05,24.13249969482422,23.71500015258789,21.72979736328125,9247200.0
NKE,2012-10-08,23.947500228881836,23.6875,21.677303314208984,5638000.0
NKE,2012-10-09,23.922500610351562,23.600000381469727,21.56092071533203,9778800.0
NKE,2012-10-10,23.864999771118164,23.537500381469727,21.501585006713867,7208800.0
NKE,2012-10-11,23.86750030517578,23.63249969482422,21.656766891479492,7937600.0
NKE,2012-10-12,23.864999771118164,23.582500457763672,21.547225952148438,6537200.0
NKE,2012-10-15,23.954999923706055,23.594999313354492,21.81879234313965,7527600.0
NKE,2012-10-16,24.40250015258789,24.03499984741211,22.190765380859375,10012000.0
NKE,2012-10-17,24.5,24.227500915527344,22.266075134277344,7126000.0
NKE,2012-10-18,24.517499923706055,24.2549991607666,22.266075134277344,7797600.0
NKE,2012-10-19,24.524999618530273,24.024999618530273,22.010486602783203,9341200.0
NKE,2012-10-22,24.087499618530273,23.454999923706055,21.56092071533203,8992800.0
NKE,2012-10-23,23.5625,23.1875,21.182104110717773,9384400.0
NKE,2012-10-24,23.452499389648438,23.114999771118164,21.19807243347168,9947600.0
NKE,2012-10-25,23.375,22.782499313354492,20.837505340576172,10019600.0
NKE,2012-10-26,22.837499618530273,22.579999923706055,20.80099105834961,12444000.0
NKE,2012-10-31,22.947500228881836,22.69499969482422,20.85348129272461,9128800.0
NKE,2012-11-01,23.899999618530273,22.975000381469727,21.75945472717285,14254800.0
NKE,2012-11-02,24.184999465942383,23.622499465942383,21.574613571166992,7264400.0
NKE,2012-11-05,23.8700008392334,23.587499618530273,21.73891830444336,5872800.0
NKE,2012-11-06,24.032499313354492,23.6875,21.93745994567871,7824800.0
NKE,2012-11-07,23.969999313354492,23.655000686645508,21.599712371826172,7655200.0
NKE,2012-11-08,23.649999618530273,22.96500015258789,20.9630184173584,10450400.0
NKE,2012-11-09,23.25,22.920000076293945,21.065710067749023,7748800.0
NKE,2012-11-12,23.299999237060547,22.9950008392334,21.0611515045166,5979200.0
NKE,2012-11-13,23.165000915527344,22.75749969482422,20.8740234375,7246000.0
NKE,2012-11-14,22.989999771118164,22.412500381469727,20.67548370361328,13019200.0
NKE,2012-11-15,22.80500030517578,22.517499923706055,20.72797393798828,7764400.0
NKE,2012-11-16,23.1875,22.850000381469727,21.129608154296875,11989200.0
NKE,2012-11-19,24.084999084472656,23.364999771118164,21.98082160949707,10462400.0
NKE,2012-11-20,24.1299991607666,23.8174991607666,21.81879234313965,9103200.0
NKE,2012-11-21,23.957500457763672,23.739999771118164,21.816509246826172,7363600.0
NKE,2012-11-23,24.190000534057617,23.969999313354492,22.078947067260742,3352400.0
NKE,2012-11-26,24.420000076293945,23.844999313354492,22.286617279052734,12052800.0
NKE,2012-11-27,24.5,24.012500762939453,22.13827896118164,8537200.0
NKE,2012-11-28,24.790000915527344,24.149999618530273,22.622074127197266,8613600.0
NKE,2012-11-29,25.082500457763672,24.700000762939453,22.585573196411133,9744000.0
NKE,2012-11-30,24.6299991607666,24.227500915527344,22.245540618896484,12670000.0
NKE,2012-12-03,24.727500915527344,24.272499084472656,22.263792037963867,8688000.0
NKE,2012-12-04,24.594999313354492,24.3075008392334,22.28890037536621,7028400.0
NKE,2012-12-05,24.520000457763672,24.15250015258789,22.29117774963379,6764400.0
NKE,2012-12-06,24.670000076293945,24.3075008392334,22.557043075561523,9092000.0
NKE,2012-12-07,24.747499465942383,24.4325008392334,22.596006393432617,7418000.0
NKE,2012-12-10,24.827499389648438,24.4950008392334,22.4791202545166,7276800.0
NKE,2012-12-11,24.875,24.459999084472656,22.7839412689209,9234400.0
NKE,2012-12-12,25.0,24.649999618530273,22.735809326171875,10656000.0
NKE,2012-12-13,24.892499923706055,24.260000228881836,22.30722427368164,7445200.0
NKE,2012-12-14,24.47249984741211,24.212499618530273,22.21096420288086,8662000.0
NKE,2012-12-17,24.522499084472656,24.200000762939453,22.458484649658203,8369600.0
NKE,2012-12-18,24.7450008392334,24.4325008392334,22.6716365814209,7871600.0
NKE,2012-12-19,24.799999237060547,24.4424991607666,22.41036033630371,7879200.0
NKE,2012-12-20,24.762500762939453,24.302499771118164,22.689971923828125,12000000.0
NKE,2012-12-21,26.3700008392334,25.290000915527344,24.088043212890625,27894800.0
NKE,2012-12-24,26.5575008392334,26.09000015258789,24.202638626098633,11999200.0
NKE,2012-12-26,26.25,25.594999313354492,23.528818130493164,8090400.0
NKE,2012-12-27,25.969999313354492,25.46500015258789,23.725915908813477,7850400.0
NKE,2012-12-28,25.860000610351562,25.4950008392334,23.37296485900879,6432400.0
NKE,2012-12-31,25.81999969482422,25.295000076293945,23.652572631835938,6807400.0
NKE,2013-01-02,26.239999771118164,25.700000762939453,23.762588500976562,7512800.0
NKE,2013-01-03,26.299999237060547,25.889999389648438,24.005531311035156,7232200.0
NKE,2013-01-04,26.520000457763672,26.235000610351562,24.23931312561035,6794000.0
NKE,2013-01-07,26.540000915527344,26.264999389648438,24.275981903076172,6489400.0
NKE,2013-01-08,26.469999313354492,26.094999313354492,24.019285202026367,6714200.0
NKE,2013-01-09,26.3700008392334,26.155000686645508,24.042207717895508,5530400.0
NKE,2013-01-10,26.440000534057617,26.084999084472656,24.088043212890625,7705600.0
NKE,2013-01-11,26.709999084472656,26.155000686645508,24.34015464782715,9791000.0
NKE,2013-01-14,26.739999771118164,26.5049991607666,24.381406784057617,5591800.0
NKE,2013-01-15,26.875,26.44499969482422,24.587678909301758,6507200.0
NKE,2013-01-16,27.0,26.6200008392334,24.628934860229492,5300200.0
NKE,2013-01-17,26.985000610351562,26.655000686645508,24.51434326171875,4864800.0
NKE,2013-01-18,26.78499984741211,26.489999771118164,24.427244186401367,6145400.0
NKE,2013-01-22,26.7549991607666,26.524999618530273,24.51434326171875,6207600.0
NKE,2013-01-23,26.68000030517578,26.405000686645508,24.335569381713867,6779200.0
NKE,2013-01-24,26.940000534057617,26.579999923706055,24.68852424621582,6819800.0
NKE,2013-01-25,27.78499984741211,26.9950008392334,25.46319007873535,12542800.0
NKE,2013-01-28,27.760000228881836,27.15999984741211,24.98188591003418,8038200.0
NKE,2013-01-29,27.229999542236328,26.940000534057617,24.716032028198242,7214800.0
NKE,2013-01-30,27.079999923706055,26.780000686645508,24.573928833007812,6343000.0
NKE,2013-01-31,27.139999389648438,26.719999313354492,24.77561378479004,9143800.0
NKE,2013-02-01,27.360000610351562,26.799999237060547,24.615184783935547,6773400.0
NKE,2013-02-04,27.1299991607666,26.75,24.59684944152832,5075800.0
NKE,2013-02-05,27.155000686645508,26.93000030517578,24.702274322509766,4527200.0
NKE,2013-02-06,27.184999465942383,26.75,24.82603645324707,5297000.0
NKE,2013-02-07,27.360000610351562,27.03499984741211,25.06439971923828,5573000.0
NKE,2013-02-08,27.594999313354492,27.239999771118164,25.023141860961914,5100800.0
NKE,2013-02-11,27.950000762939453,27.364999771118164,25.311925888061523,8916600.0
NKE,2013-02-12,27.604999542236328,27.395000457763672,25.252338409423828,3866600.0
NKE,2013-02-13,27.684999465942383,27.204999923706055,25.009387969970703,6053800.0
NKE,2013-02-14,27.4950008392334,27.15999984741211,25.03689193725586,6164200.0
NKE,2013-02-15,27.56999969482422,27.260000228881836,25.188161849975586,7056200.0
NKE,2013-02-19,27.579999923706055,27.145000457763672,24.9681453704834,8511200.0
NKE,2013-02-20,27.329999923706055,26.9950008392334,24.761865615844727,7587200.0
NKE,2013-02-21,27.520000457763672,27.059999465942383,25.000228881835938,9355800.0
NKE,2013-02-22,27.440000534057617,27.0,24.9681453704834,5855000.0
NKE,2013-02-25,27.4950008392334,27.020000457763672,24.771032333374023,8566000.0
NKE,2013-02-26,27.3700008392334,26.969999313354492,24.876466751098633,6085200.0
NKE,2013-02-27,27.260000228881836,26.979999542236328,24.908546447753906,6269200.0
NKE,2013-02-28,27.360000610351562,27.0,25.060401916503906,6713600.0
NKE,2013-03-01,27.415000915527344,27.09000015258789,25.226058959960938,8053400.0
NKE,2013-03-04,27.450000762939453,27.204999923706055,25.184648513793945,5291800.0
NKE,2013-03-05,27.5,27.260000228881836,25.26287269592285,8098000.0
NKE,2013-03-06,27.80500030517578,27.350000381469727,25.44693374633789,5812000.0
NKE,2013-03-07,27.825000762939453,27.56999969482422,25.410125732421875,5685200.0
NKE,2013-03-08,27.614999771118164,27.25,25.166236877441406,8013000.0
NKE,2013-03-11,27.31999969482422,27.079999923706055,25.09261131286621,6754800.0
NKE,2013-03-12,27.084999084472656,26.635000228881836,24.614044189453125,12341600.0
NKE,2013-03-13,27.4950008392334,26.799999237060547,25.2398624420166,8185400.0
NKE,2013-03-14,27.450000762939453,27.170000076293945,25.166236877441406,6910800.0
NKE,2013-03-15,27.424999237060547,27.145000457763672,25.20764923095703,8121000.0
NKE,2013-03-18,27.329999923706055,27.040000915527344,24.92234992980957,5079400.0
NKE,2013-03-19,27.219999313354492,26.770000457763672,24.770505905151367,6628400.0
NKE,2013-03-20,27.440000534057617,27.030000686645508,25.23066520690918,7941800.0
NKE,2013-03-21,27.360000610351562,26.764999389648438,24.664661407470703,15896200.0
NKE,2013-03-22,30.125,28.934999465942383,27.39341926574707,38657400.0
NKE,2013-03-25,29.989999771118164,29.514999389648438,27.4072208404541,13317400.0
NKE,2013-03-26,29.815000534057617,29.450000762939453,27.365812301635742,8948600.0
NKE,2013-03-27,29.649999618530273,29.06999969482422,26.896446228027344,10445000.0
NKE,2013-03-28,29.655000686645508,29.225000381469727,27.15413475036621,7612400.0
NKE,2013-04-01,29.594999313354492,28.989999771118164,26.80901527404785,6969800.0
NKE,2013-04-02,29.69499969482422,29.18000030517578,27.103519439697266,9330600.0
NKE,2013-04-03,29.764999389648438,29.280000686645508,27.10811996459961,7626600.0
NKE,2013-04-04,29.75,29.3700008392334,27.30599021911621,4999400.0
NKE,2013-04-05,29.520000457763672,29.165000915527344,27.135730743408203,6189800.0
NKE,2013-04-08,29.975000381469727,29.40999984741211,27.586688995361328,8013200.0
NKE,2013-04-09,30.065000534057617,29.645000457763672,27.559078216552734,6675000.0
NKE,2013-04-10,30.274999618530273,29.959999084472656,27.74314308166504,5951000.0
NKE,2013-04-11,30.690000534057617,30.155000686645508,28.161890029907227,8789400.0
NKE,2013-04-12,30.614999771118164,30.21500015258789,27.8765926361084,5538800.0
NKE,2013-04-15,30.46500015258789,29.834999084472656,27.457843780517578,6662600.0
NKE,2013-04-16,30.264999389648438,29.834999084472656,27.839778900146484,5960600.0
NKE,2013-04-17,30.655000686645508,30.0049991607666,28.02384376525879,10434800.0
NKE,2013-04-18,30.600000381469727,29.850000381469727,27.692523956298828,6016400.0
NKE,2013-04-19,30.520000457763672,30.135000228881836,28.03304672241211,6768400.0
NKE,2013-04-22,30.7450008392334,30.315000534057617,28.235515594482422,5968600.0
NKE,2013-04-23,30.96500015258789,30.6200008392334,28.382768630981445,6119600.0
NKE,2013-04-24,31.0,30.700000762939453,28.31374168395996,4168000.0
NKE,2013-04-25,31.2450008392334,30.78499984741211,28.56222915649414,4367600.0
NKE,2013-04-26,31.235000610351562,30.790000915527344,28.479398727416992,4825600.0
NKE,2013-04-29,31.405000686645508,30.809999465942383,28.81991958618164,5841600.0
NKE,2013-04-30,31.885000228881836,31.329999923706055,29.266279220581055,10094800.0
NKE,2013-05-01,32.14500045776367,31.600000381469727,29.155839920043945,7924400.0
NKE,2013-05-02,31.78499984741211,31.475000381469727,29.137432098388672,5605400.0
NKE,2013-05-03,32.47999954223633,31.84000015258789,29.703428268432617,6950800.0
NKE,2013-05-06,32.275001525878906,31.889999389648438,29.43193817138672,4750200.0
NKE,2013-05-07,32.185001373291016,31.905000686645508,29.4089298248291,6298000.0
NKE,2013-05-08,32.05500030517578,31.834999084472656,29.404327392578125,6259000.0
NKE,2013-05-09,32.26499938964844,31.825000762939453,29.330699920654297,4433800.0
NKE,2013-05-10,32.39500045776367,31.834999084472656,29.800065994262695,6645600.0
NKE,2013-05-13,32.400001525878906,32.15999984741211,29.749454498291016,3780600.0
NKE,2013-05-14,32.9900016784668,32.26499938964844,30.329254150390625,8277200.0
NKE,2013-05-15,33.0,32.724998474121094,30.292438507080078,5286200.0
NKE,2013-05-16,33.03499984741211,32.08000183105469,29.652816772460938,7688600.0
NKE,2013-05-17,32.720001220703125,32.20000076293945,30.057756423950195,6219200.0
NKE,2013-05-20,32.75,32.525001525878906,30.062353134155273,5461800.0
NKE,2013-05-21,32.724998474121094,32.4900016784668,30.01633644104004,6465400.0
NKE,2013-05-22,32.78499984741211,32.04499816894531,29.657411575317383,8295200.0
NKE,2013-05-23,32.07500076293945,31.545000076293945,29.142032623291016,8626400.0
NKE,2013-05-24,31.434999465942383,30.780000686645508,28.89354705810547,7517400.0
NKE,2013-05-28,32.05500030517578,31.520000457763672,29.119028091430664,7784000.0
NKE,2013-05-29,31.584999084472656,31.200000762939453,28.957969665527344,5521200.0
NKE,2013-05-30,31.649999618530273,31.19499969482422,28.81484603881836,5955200.0
NKE,2013-05-31,31.56999969482422,30.829999923706055,28.468563079833984,7460400.0
NKE,2013-06-03,31.540000915527344,30.55500030517578,29.10109519958496,10141200.0
NKE,2013-06-04,31.78499984741211,31.155000686645508,28.985673904418945,6785400.0
NKE,2013-06-05,31.469999313354492,30.799999237060547,28.51012420654297,6205400.0
NKE,2013-06-06,31.09000015258789,30.604999542236328,28.699411392211914,4761400.0
NKE,2013-06-07,31.545000076293945,31.125,28.971820831298828,5332000.0
NKE,2013-06-10,31.739999771118164,31.3700008392334,29.105716705322266,5479000.0
NKE,2013-06-11,31.469999313354492,30.985000610351562,28.69480323791504,5540400.0
NKE,2013-06-12,31.28499984741211,30.674999237060547,28.353139877319336,5442600.0
NKE,2013-06-13,30.959999084472656,30.514999389648438,28.514734268188477,7832600.0
NKE,2013-06-14,31.200000762939453,30.80500030517578,28.57476043701172,5222400.0
NKE,2013-06-17,31.360000610351562,30.90999984741211,28.597837448120117,7512800.0
NKE,2013-06-18,31.125,30.809999465942383,28.69480323791504,9068800.0
NKE,2013-06-19,31.170000076293945,30.864999771118164,28.51012420654297,9223600.0
NKE,2013-06-20,30.815000534057617,30.31999969482422,28.062267303466797,9824200.0
NKE,2013-06-21,30.690000534057617,30.03499984741211,27.96531105041504,10089200.0
NKE,2013-06-24,30.2549991607666,29.55500030517578,27.679059982299805,9489400.0
NKE,2013-06-25,30.4950008392334,29.975000381469727,27.882204055786133,10896400.0
NKE,2013-06-26,31.059999465942383,30.395000457763672,28.556289672851562,11376800.0
NKE,2013-06-27,31.625,31.065000534057617,28.773286819458008,12282800.0
NKE,2013-06-28,32.03499984741211,30.09000015258789,29.40120506286621,26803800.0
NKE,2013-07-01,32.29499816894531,31.100000381469727,28.777908325195312,14398800.0
NKE,2013-07-02,31.540000915527344,30.950000762939453,28.91179847717285,7402400.0
NKE,2013-07-03,31.469999313354492,31.049999237060547,29.02260971069336,3375600.0
NKE,2013-07-05,31.915000915527344,31.575000762939453,29.382734298706055,5157800.0
NKE,2013-07-08,32.33000183105469,31.739999771118164,29.419675827026367,6981600.0
NKE,2013-07-09,32.13999938964844,31.700000762939453,29.516630172729492,6989200.0
NKE,2013-07-10,31.954999923706055,31.65999984741211,29.36426544189453,5101800.0
NKE,2013-07-11,32.220001220703125,31.719999313354492,29.419675827026367,7146000.0
NKE,2013-07-12,31.915000915527344,31.7450008392334,29.396583557128906,4424000.0
NKE,2013-07-15,31.825000762939453,31.625,29.248842239379883,5761800.0
NKE,2013-07-16,31.735000610351562,31.235000610351562,28.9487361907959,6858200.0
NKE,2013-07-17,31.834999084472656,31.28499984741211,29.239608764648438,6247600.0
NKE,2013-07-18,31.889999389648438,31.450000762939453,29.234987258911133,4486800.0
NKE,2013-07-19,31.795000076293945,31.540000915527344,29.248842239379883,5919400.0
NKE,2013-07-22,31.78499984741211,31.420000076293945,29.221141815185547,5581600.0
NKE,2013-07-23,31.790000915527344,31.56999969482422,29.174972534179688,4289600.0
NKE,2013-07-24,31.71500015258789,31.28499984741211,28.91642189025879,4705400.0
NKE,2013-07-25,31.44499969482422,31.100000381469727,28.851781845092773,8911400.0
NKE,2013-07-26,31.299999237060547,31.014999389648438,28.8702449798584,5517800.0
NKE,2013-07-29,31.395000457763672,31.125,28.95335578918457,5075600.0
NKE,2013-07-30,31.549999237060547,31.31999969482422,29.017993927001953,6399600.0
NKE,2013-07-31,31.75,31.385000228881836,29.050308227539062,8461800.0
NKE,2013-08-01,33.05500030517578,31.6200008392334,30.45849609375,15813200.0
NKE,2013-08-02,33.30500030517578,32.70500183105469,30.61086082458496,7499800.0
NKE,2013-08-05,33.27000045776367,33.08000183105469,30.65703582763672,4213000.0
NKE,2013-08-06,33.42499923706055,32.939998626708984,30.721670150756836,6244000.0
NKE,2013-08-07,33.119998931884766,32.80500030517578,30.30152702331543,5888800.0
NKE,2013-08-08,33.224998474121094,32.88999938964844,30.495439529418945,5057400.0
NKE,2013-08-09,33.369998931884766,32.91999816894531,30.615478515625,5644800.0
NKE,2013-08-12,33.29999923706055,33.025001525878906,30.707820892333984,4401800.0
NKE,2013-08-13,33.375,32.845001220703125,30.384634017944336,4299400.0
NKE,2013-08-14,32.83000183105469,32.1150016784668,29.710548400878906,5961800.0
NKE,2013-08-15,32.0,31.579999923706055,29.313480377197266,6227000.0
NKE,2013-08-16,32.154998779296875,31.670000076293945,29.387361526489258,5261200.0
NKE,2013-08-19,32.55500030517578,31.75,29.876760482788086,7749600.0
NKE,2013-08-20,32.85499954223633,32.154998779296875,29.83982276916504,7668400.0
NKE,2013-08-21,32.494998931884766,32.02000045776367,29.608972549438477,4770400.0
NKE,2013-08-22,32.584999084472656,31.950000762939453,29.946012496948242,5056000.0
NKE,2013-08-23,32.61000061035156,31.950000762939453,29.64590835571289,8044600.0
NKE,2013-08-26,32.26499938964844,31.959999084472656,29.512006759643555,5472400.0
NKE,2013-08-27,31.8700008392334,31.395000457763672,28.999526977539062,4870800.0
NKE,2013-08-28,31.850000381469727,31.325000762939453,29.258081436157227,6044000.0
NKE,2013-08-29,31.93000030517578,31.440000534057617,29.40631103515625,4600000.0
NKE,2013-08-30,31.895000457763672,31.299999237060547,29.10057258605957,5851000.0
NKE,2013-09-03,32.45000076293945,31.75,29.781539916992188,8214000.0
NKE,2013-09-04,32.7400016784668,32.150001525878906,30.170656204223633,7101400.0
NKE,2013-09-05,32.790000915527344,32.345001220703125,30.286462783813477,5271600.0
NKE,2013-09-06,32.775001525878906,32.084999084472656,30.101171493530273,4632600.0
NKE,2013-09-09,32.79499816894531,32.46500015258789,30.29572105407715,4147800.0
NKE,2013-09-10,33.4900016784668,32.97999954223633,30.95353126525879,13380000.0
NKE,2013-09-11,33.90999984741211,33.40999984741211,31.310213088989258,9112400.0
NKE,2013-09-12,34.45000076293945,33.900001525878906,31.537202835083008,8249800.0
NKE,2013-09-13,34.06999969482422,33.595001220703125,31.45845603942871,6584600.0
NKE,2013-09-16,34.40999984741211,33.95500183105469,31.58816146850586,5337600.0
NKE,2013-09-17,34.334999084472656,33.9900016784668,31.648380279541016,7752400.0
NKE,2013-09-18,34.92499923706055,33.96500015258789,32.18573760986328,8548000.0
NKE,2013-09-19,35.279998779296875,34.404998779296875,32.19499588012695,14627600.0
NKE,2013-09-20,34.75,34.04999923706055,32.134788513183594,37157000.0
NKE,2013-09-23,34.775001525878906,34.02000045776367,31.95411491394043,11022000.0
NKE,2013-09-24,34.86000061035156,34.595001220703125,32.162574768066406,7432800.0
NKE,2013-09-25,34.76499938964844,34.369998931884766,31.92632484436035,7883200.0
NKE,2013-09-26,35.244998931884766,34.57500076293945,32.58412170410156,13765000.0
NKE,2013-09-27,37.625,36.67499923706055,34.1128044128418,31182000.0
NKE,2013-09-30,36.584999084472656,36.08000183105469,33.64957809448242,14796400.0
NKE,2013-10-01,36.625,36.0099983215332,33.54765701293945,10444400.0
NKE,2013-10-02,36.130001068115234,35.79499816894531,33.302146911621094,8751600.0
NKE,2013-10-03,36.25,35.529998779296875,33.186336517333984,7144600.0
NKE,2013-10-04,36.17499923706055,35.65999984741211,33.41794967651367,7168200.0
NKE,2013-10-07,35.98500061035156,35.650001525878906,33.047367095947266,5172800.0
NKE,2013-10-08,36.314998626708984,35.09000015258789,32.55632019042969,7514200.0
NKE,2013-10-09,35.73500061035156,34.97999954223633,32.83890151977539,9282200.0
NKE,2013-10-10,36.724998474121094,35.970001220703125,34.02016067504883,11104800.0
NKE,2013-10-11,36.8650016784668,36.439998626708984,34.02942657470703,10792200.0
NKE,2013-10-14,37.084999084472656,36.38999938964844,34.30736541748047,6199800.0
NKE,2013-10-15,37.185001373291016,36.70500183105469,34.14522933959961,7951200.0
NKE,2013-10-16,37.310001373291016,36.86000061035156,34.520450592041016,8751600.0
NKE,2013-10-17,37.32500076293945,37.040000915527344,34.52971649169922,9384400.0
NKE,2013-10-18,37.994998931884766,37.1349983215332,35.17361831665039,9830800.0
NKE,2013-10-21,38.185001373291016,37.75,35.24774169921875,9992600.0
NKE,2013-10-22,38.244998931884766,37.7599983215332,35.18750762939453,6818800.0
NKE,2013-10-23,37.970001220703125,37.55500030517578,35.002227783203125,4762000.0
NKE,2013-10-24,37.88999938964844,37.619998931884766,34.979068756103516,5626400.0
NKE,2013-10-25,38.18000030517578,37.67499923706055,35.06707000732422,6889000.0
NKE,2013-10-28,37.9900016784668,37.685001373291016,34.979068756103516,6136800.0
NKE,2013-10-29,38.09000015258789,37.77000045776367,35.16435241699219,4201000.0
NKE,2013-10-30,38.44499969482422,37.974998474121094,35.26625442504883,6314200.0
NKE,2013-10-31,38.1349983215332,37.56999969482422,35.094871520996094,8184400.0
NKE,2013-11-01,38.21500015258789,37.82500076293945,35.23384475708008,4221600.0
NKE,2013-11-04,38.27000045776367,37.814998626708984,35.377445220947266,3609200.0
NKE,2013-11-05,38.65999984741211,37.939998626708984,35.761932373046875,6320400.0
NKE,2013-11-06,38.83000183105469,38.07500076293945,35.55811309814453,3945400.0
NKE,2013-11-07,38.650001525878906,37.83000183105469,35.06707000732422,6250800.0
NKE,2013-11-08,38.56999969482422,37.790000915527344,35.72488021850586,5821600.0
NKE,2013-11-11,38.68000030517578,38.36000061035156,35.743404388427734,3523200.0
NKE,2013-11-12,38.630001068115234,38.20000076293945,35.60905838012695,4327400.0
NKE,2013-11-13,38.94499969482422,38.22999954223633,36.06303787231445,4802200.0
NKE,2013-11-14,39.404998779296875,38.94499969482422,36.428993225097656,4764200.0
NKE,2013-11-15,39.63999938964844,39.125,36.69766616821289,5774000.0
NKE,2013-11-18,39.70000076293945,39.165000915527344,36.40120315551758,5693200.0
NKE,2013-11-19,39.314998626708984,38.775001525878906,36.04450607299805,6443200.0
NKE,2013-11-20,39.29999923706055,38.8650016784668,36.05840301513672,5893000.0
NKE,2013-11-21,39.11000061035156,38.70500183105469,36.17420196533203,4669400.0
NKE,2013-11-22,39.4900016784668,38.9900016784668,36.5355339050293,7035600.0
NKE,2013-11-25,39.80500030517578,39.439998626708984,36.65597915649414,4583400.0
NKE,2013-11-26,39.935001373291016,39.58000183105469,36.87370300292969,7360400.0
NKE,2013-11-27,39.915000915527344,39.54499816894531,36.74863052368164,3734200.0
NKE,2013-11-29,39.880001068115234,39.540000915527344,36.66061019897461,3475200.0
NKE,2013-12-02,40.06999969482422,39.459999084472656,36.637451171875,6467800.0
NKE,2013-12-03,39.744998931884766,39.29999923706055,36.65597915649414,5129200.0
NKE,2013-12-04,39.59000015258789,39.130001068115234,36.51237106323242,4833200.0
NKE,2013-12-05,39.66999816894531,39.314998626708984,36.57259750366211,5493400.0
NKE,2013-12-06,39.94499969482422,39.630001068115234,36.994136810302734,3894000.0
NKE,2013-12-09,40.130001068115234,39.834999084472656,36.95708084106445,4299200.0
NKE,2013-12-10,39.83000183105469,39.55500030517578,36.69766616821289,5393800.0
NKE,2013-12-11,39.5099983215332,38.3650016784668,35.59516143798828,13311600.0
NKE,2013-12-12,38.459999084472656,37.709999084472656,35.4232292175293,10826000.0
NKE,2013-12-13,38.39500045776367,38.119998931884766,35.502235412597656,7562200.0
NKE,2013-12-16,38.54999923706055,38.13999938964844,35.520816802978516,9731000.0
NKE,2013-12-17,38.625,38.20000076293945,35.66952133178711,13980600.0
NKE,2013-12-18,39.290000915527344,38.474998474121094,36.50130844116211,10814400.0
NKE,2013-12-19,39.375,38.880001068115234,36.36655044555664,10294600.0
NKE,2013-12-20,38.849998474121094,38.31999969482422,35.93903350830078,20442600.0
NKE,2013-12-23,38.720001220703125,38.345001220703125,35.83216094970703,9376800.0
NKE,2013-12-24,38.900001525878906,38.60499954223633,36.08773422241211,2782600.0
NKE,2013-12-26,39.22999954223633,38.849998474121094,36.33401870727539,4609800.0
NKE,2013-12-27,39.505001068115234,39.01499938964844,36.32008361816406,4640800.0
NKE,2013-12-30,39.44499969482422,38.959999084472656,36.589603424072266,4289000.0
NKE,2013-12-31,39.474998474121094,39.17499923706055,36.54313278198242,4106200.0
NKE,2014-01-02,39.415000915527344,38.96500015258789,36.35725402832031,5318600.0
NKE,2014-01-03,39.314998626708984,38.97999954223633,36.259666442871094,5597000.0
NKE,2014-01-06,39.29999923706055,38.70500183105469,35.980857849121094,6045800.0
NKE,2014-01-07,39.0,38.70500183105469,36.00873565673828,6769000.0
NKE,2014-01-08,38.974998474121094,38.46500015258789,35.82286071777344,6897800.0
NKE,2014-01-09,38.72999954223633,38.380001068115234,35.82286071777344,6263200.0
NKE,2014-01-10,38.67499923706055,38.349998474121094,35.743873596191406,5108000.0
NKE,2014-01-13,38.459999084472656,37.5,34.935302734375,8262400.0
NKE,2014-01-14,37.66999816894531,37.32500076293945,34.93065643310547,7808400.0
NKE,2014-01-15,37.8650016784668,37.56999969482422,35.051483154296875,5852400.0
NKE,2014-01-16,37.689998626708984,37.17499923706055,34.75407791137695,4848000.0
NKE,2014-01-17,37.369998931884766,36.689998626708984,34.103515625,9851800.0
NKE,2014-01-21,37.29999923706055,36.70500183105469,34.27081298828125,13147000.0
NKE,2014-01-22,37.029998779296875,36.75,34.154632568359375,7424000.0
NKE,2014-01-23,36.59000015258789,36.0099983215332,33.796817779541016,9505200.0
NKE,2014-01-24,36.33000183105469,35.81999969482422,33.294960021972656,9212000.0
NKE,2014-01-27,36.130001068115234,35.86000061035156,33.411128997802734,11411600.0
NKE,2014-01-28,36.57500076293945,36.07500076293945,33.78752136230469,9069200.0
NKE,2014-01-29,36.28499984741211,35.755001068115234,33.35071563720703,10488800.0
NKE,2014-01-30,37.099998474121094,36.189998626708984,34.359100341796875,10438400.0
NKE,2014-01-31,36.654998779296875,36.18000030517578,33.852577209472656,8652000.0
NKE,2014-02-03,36.39500045776367,35.38999938964844,32.9371452331543,9516000.0
NKE,2014-02-04,35.619998931884766,35.16999816894531,32.76520919799805,7004200.0
NKE,2014-02-05,35.43000030517578,34.92499923706055,32.80703353881836,7366800.0
NKE,2014-02-06,36.1349983215332,35.25,33.229896545410156,7358600.0
NKE,2014-02-07,36.42499923706055,35.875,33.77824020385742,6747200.0
NKE,2014-02-10,36.494998931884766,36.060001373291016,33.768943786621094,6430400.0
NKE,2014-02-11,37.07500076293945,36.224998474121094,34.377681732177734,8739400.0
NKE,2014-02-12,37.404998779296875,36.91999816894531,34.43809509277344,6396200.0
NKE,2014-02-13,37.47999954223633,36.869998931884766,34.791255950927734,6161400.0
NKE,2014-02-14,37.59000015258789,37.099998474121094,34.884185791015625,6204800.0
NKE,2014-02-18,37.73500061035156,37.45000076293945,34.94924545288086,5935600.0
NKE,2014-02-19,37.775001525878906,37.30500030517578,34.76801681518555,5401400.0
NKE,2014-02-20,37.875,37.43000030517578,35.121185302734375,5581600.0
NKE,2014-02-21,38.33000183105469,37.68000030517578,35.53940200805664,8728600.0
NKE,2014-02-24,39.06999969482422,38.244998931884766,36.171382904052734,11072200.0
NKE,2014-02-25,39.2599983215332,38.78499984741211,36.296852111816406,6844000.0
NKE,2014-02-26,39.529998779296875,39.154998779296875,36.44089889526367,7917400.0
NKE,2014-02-27,39.19499969482422,38.7400016784668,36.36632537841797,6599200.0
NKE,2014-02-28,39.35499954223633,38.80500030517578,36.496826171875,6875200.0
NKE,2014-03-03,38.994998931884766,38.275001525878906,36.07267379760742,6069200.0
NKE,2014-03-04,39.525001525878906,39.18000030517578,36.64599609375,5661200.0
NKE,2014-03-05,39.29999923706055,38.68000030517578,36.086647033691406,6733200.0
NKE,2014-03-06,39.19499969482422,38.68000030517578,36.459537506103516,5536400.0
NKE,2014-03-07,40.04499816894531,39.540000915527344,37.037532806396484,8930800.0
NKE,2014-03-10,39.68000030517578,39.224998474121094,36.81379318237305,5344400.0
NKE,2014-03-11,39.810001373291016,39.28499984741211,36.72990036010742,4906600.0
NKE,2014-03-12,39.5,39.01499938964844,36.80912399291992,4296800.0
NKE,2014-03-13,39.8650016784668,39.165000915527344,36.604034423828125,8400400.0
NKE,2014-03-14,39.5,38.904998779296875,36.50615310668945,6086000.0
NKE,2014-03-17,39.56999969482422,39.2599983215332,36.81379318237305,8577600.0
NKE,2014-03-18,40.040000915527344,39.525001525878906,37.12144088745117,8245400.0
NKE,2014-03-19,39.97999954223633,39.279998779296875,36.893043518066406,5970400.0
NKE,2014-03-20,39.6349983215332,38.8849983215332,36.9489631652832,12440600.0
NKE,2014-03-21,38.654998779296875,37.5,35.05653381347656,31767000.0
NKE,2014-03-24,37.915000915527344,37.28499984741211,34.893394470214844,9999000.0
NKE,2014-03-25,37.755001068115234,36.79499816894531,34.329402923583984,10527000.0
NKE,2014-03-26,37.25,36.61000061035156,34.12896728515625,8537600.0
NKE,2014-03-27,37.04999923706055,36.505001068115234,34.17557907104492,8158600.0
NKE,2014-03-28,37.060001373291016,36.63999938964844,34.27811813354492,5987000.0
NKE,2014-03-31,37.095001220703125,36.724998474121094,34.42727279663086,6356600.0
NKE,2014-04-01,37.38999938964844,37.0099983215332,34.67432403564453,7399400.0
NKE,2014-04-02,37.5,37.15999984741211,34.74423599243164,7614600.0
NKE,2014-04-03,37.59000015258789,36.90999984741211,34.487876892089844,8255000.0
NKE,2014-04-04,37.25,36.2599983215332,33.95184326171875,9720200.0
NKE,2014-04-07,36.470001220703125,35.29999923706055,33.01495361328125,13853800.0
NKE,2014-04-08,36.55500030517578,35.95000076293945,33.989131927490234,12659600.0
NKE,2014-04-09,36.79999923706055,36.26499938964844,34.287452697753906,7078400.0
NKE,2014-04-10,37.084999084472656,36.125,33.770057678222656,8376600.0
NKE,2014-04-11,36.334999084472656,35.61000061035156,33.210716247558594,8698000.0
NKE,2014-04-14,36.22999954223633,35.650001525878906,33.7374267578125,7264800.0
NKE,2014-04-15,36.435001373291016,35.8650016784668,33.69083023071289,7777400.0
NKE,2014-04-16,36.59000015258789,36.25,34.073036193847656,4611200.0
NKE,2014-04-17,37.21500015258789,36.64500045776367,34.50651931762695,9041600.0
NKE,2014-04-21,37.029998779296875,36.65999984741211,34.44593048095703,6811800.0
NKE,2014-04-22,37.349998474121094,36.85499954223633,34.65567398071289,5122200.0
NKE,2014-04-23,37.43000030517578,37.005001068115234,34.539146423339844,4719400.0
NKE,2014-04-24,37.185001373291016,36.54999923706055,34.20820999145508,6784600.0
NKE,2014-04-25,36.849998474121094,36.255001068115234,33.88658905029297,6481200.0
NKE,2014-04-28,36.845001220703125,35.54999923706055,33.406490325927734,11446800.0
NKE,2014-04-29,36.36000061035156,35.82500076293945,33.78404235839844,6236000.0
NKE,2014-04-30,36.529998779296875,36.04499816894531,34.00311279296875,6173800.0
NKE,2014-05-01,36.689998626708984,36.29499816894531,33.989131927490234,4818200.0
NKE,2014-05-02,36.76499938964844,36.41999816894531,34.021759033203125,4048000.0
NKE,2014-05-05,36.71500015258789,36.130001068115234,34.161598205566406,4655600.0
NKE,2014-05-06,36.584999084472656,36.10499954223633,33.67683792114258,4585200.0
NKE,2014-05-07,36.415000915527344,35.76499938964844,33.644203186035156,5605400.0
NKE,2014-05-08,36.67499923706055,36.125,34.04973220825195,7965200.0
NKE,2014-05-09,36.790000915527344,36.345001220703125,34.236167907714844,4817000.0
NKE,2014-05-12,37.33000183105469,36.685001373291016,34.786190032958984,6636400.0
NKE,2014-05-13,37.5,37.26499938964844,34.76754379272461,4530200.0
NKE,2014-05-14,37.32500076293945,36.75,34.29677200317383,6281200.0
NKE,2014-05-15,36.810001373291016,36.185001373291016,33.99846267700195,6039800.0
NKE,2014-05-16,36.974998474121094,36.415000915527344,34.464576721191406,5376800.0
NKE,2014-05-19,37.275001525878906,36.8650016784668,34.72093200683594,4682200.0
NKE,2014-05-20,37.04999923706055,36.55500030517578,34.14760971069336,5921400.0
NKE,2014-05-21,37.130001068115234,36.630001068115234,34.59041213989258,4671800.0
NKE,2014-05-22,37.46500015258789,37.0,34.9027214050293,4866400.0
NKE,2014-05-23,38.15999984741211,37.47999954223633,35.35485076904297,7335200.0
NKE,2014-05-27,38.42499923706055,38.11000061035156,35.70909881591797,6698000.0
NKE,2014-05-28,38.30500030517578,37.959999084472656,35.550621032714844,4730000.0
NKE,2014-05-29,38.31999969482422,37.994998931884766,35.714263916015625,3987600.0
NKE,2014-05-30,38.46500015258789,38.150001525878906,35.962100982666016,5192400.0
NKE,2014-06-02,38.494998931884766,38.150001525878906,35.87325668334961,3809600.0
NKE,2014-06-03,38.30500030517578,37.7400016784668,35.32618713378906,6793400.0
NKE,2014-06-04,38.18000030517578,37.709999084472656,35.59737014770508,7356800.0
NKE,2014-06-05,38.27000045776367,37.65999984741211,35.47581100463867,7326400.0
NKE,2014-06-06,38.435001373291016,38.07500076293945,35.644134521484375,6637600.0
NKE,2014-06-09,38.45500183105469,38.04999923706055,35.84988021850586,5028600.0
NKE,2014-06-10,38.459999084472656,38.119998931884766,35.68153762817383,5150200.0
NKE,2014-06-11,37.900001525878906,37.45000076293945,35.13446807861328,9250000.0
NKE,2014-06-12,37.720001220703125,37.290000915527344,34.961456298828125,6330600.0
NKE,2014-06-13,37.46500015258789,36.56999969482422,34.891326904296875,7712200.0
NKE,2014-06-16,37.650001525878906,37.20000076293945,34.85859298706055,6531400.0
NKE,2014-06-17,37.58000183105469,37.125,35.111083984375,6122200.0
NKE,2014-06-18,38.18000030517578,37.36000061035156,35.6347770690918,9852200.0
NKE,2014-06-19,38.224998474121094,37.60499954223633,35.36825180053711,4977600.0
NKE,2014-06-20,38.064998626708984,37.525001525878906,35.11576461791992,11385600.0
NKE,2014-06-23,37.80500030517578,37.20000076293945,35.27941131591797,9069200.0
NKE,2014-06-24,37.98500061035156,37.46500015258789,35.059654235839844,7617000.0
NKE,2014-06-25,38.27000045776367,37.51499938964844,35.75635528564453,7172200.0
NKE,2014-06-26,38.45500183105469,37.834999084472656,35.938720703125,10522600.0
NKE,2014-06-27,39.57500076293945,38.84000015258789,36.322139739990234,18138400.0
NKE,2014-06-30,38.8650016784668,38.54499816894531,36.261356353759766,8535800.0
NKE,2014-07-01,39.27000045776367,38.8650016784668,36.47175598144531,7129200.0
NKE,2014-07-02,39.20500183105469,38.845001220703125,36.373573303222656,5577200.0
NKE,2014-07-03,39.310001373291016,38.5,36.68218231201172,4568600.0
NKE,2014-07-07,39.415000915527344,38.970001220703125,36.77570343017578,5464800.0
NKE,2014-07-08,39.20500183105469,38.53499984741211,36.31745529174805,8044400.0
NKE,2014-07-09,39.3849983215332,38.845001220703125,36.794395446777344,7028800.0
NKE,2014-07-10,38.904998779296875,38.39500045776367,36.237972259521484,6357000.0
NKE,2014-07-11,38.79499816894531,38.380001068115234,36.1397819519043,5758000.0
NKE,2014-07-14,39.095001220703125,38.79499816894531,36.44837951660156,5503400.0
NKE,2014-07-15,39.10499954223633,38.7400016784668,36.48579025268555,6506000.0
NKE,2014-07-16,39.1150016784668,38.3849983215332,35.96677780151367,7449600.0
NKE,2014-07-17,38.48500061035156,38.150001525878906,35.784423828125,7461600.0
NKE,2014-07-18,38.85499954223633,38.334999084472656,36.247314453125,6065200.0
NKE,2014-07-21,38.650001525878906,38.349998474121094,35.920021057128906,4209400.0
NKE,2014-07-22,38.81999969482422,38.5,36.02288818359375,5036000.0
NKE,2014-07-23,38.724998474121094,38.415000915527344,36.17719268798828,4092200.0
NKE,2014-07-24,39.3849983215332,38.93000030517578,36.752323150634766,8030200.0
NKE,2014-07-25,39.38999938964844,38.80500030517578,36.34083557128906,4540400.0
NKE,2014-07-28,39.29999923706055,38.7599983215332,36.65880584716797,4065200.0
NKE,2014-07-29,39.43000030517578,39.04999923706055,36.518524169921875,4669600.0
NKE,2014-07-30,39.970001220703125,39.13999938964844,37.224586486816406,9048200.0
NKE,2014-07-31,39.5099983215332,38.4900016784668,36.064964294433594,7796800.0
NKE,2014-08-01,38.625,38.19499969482422,35.90131378173828,5825800.0
NKE,2014-08-04,38.70500183105469,38.14500045776367,36.07899856567383,4839400.0
NKE,2014-08-05,38.81999969482422,38.26499938964844,35.96677780151367,4866200.0
NKE,2014-08-06,38.619998931884766,38.224998474121094,36.06964111328125,5074400.0
NKE,2014-08-07,38.8650016784668,37.9900016784668,35.70025634765625,6737400.0
NKE,2014-08-08,38.54999923706055,37.95000076293945,36.03223419189453,6714800.0
NKE,2014-08-11,38.75,38.4900016784668,36.03223419189453,7828600.0
NKE,2014-08-12,38.720001220703125,38.244998931884766,35.8779296875,9142000.0
NKE,2014-08-13,38.89500045776367,38.27000045776367,36.12106704711914,6400400.0
NKE,2014-08-14,38.904998779296875,38.47999954223633,36.14445877075195,3935000.0
NKE,2014-08-15,39.0,38.244998931884766,36.064964294433594,4490000.0
NKE,2014-08-18,39.345001220703125,38.78499984741211,36.72893142700195,5697400.0
NKE,2014-08-19,39.54499816894531,39.17499923706055,36.71023178100586,4424000.0
NKE,2014-08-20,39.540000915527344,39.095001220703125,36.89727020263672,3965800.0
NKE,2014-08-21,39.70000076293945,39.32500076293945,36.91130065917969,4001800.0
NKE,2014-08-22,39.8650016784668,39.459999084472656,37.074951171875,5807400.0
NKE,2014-08-25,40.150001525878906,39.75,37.411617279052734,5074400.0
NKE,2014-08-26,40.04999923706055,39.709999084472656,37.163795471191406,5216400.0
NKE,2014-08-27,39.994998931884766,39.709999084472656,37.27602005004883,3679400.0
NKE,2014-08-28,39.61000061035156,39.33000183105469,36.966468811035156,5169200.0
NKE,2014-08-29,39.470001220703125,39.1349983215332,37.0655632019043,6423000.0
NKE,2014-09-02,39.7599983215332,39.17499923706055,37.410030364990234,8164200.0
NKE,2014-09-03,39.939998626708984,39.27000045776367,37.19296646118164,4409600.0
NKE,2014-09-04,40.11000061035156,39.59000015258789,37.7120246887207,6022800.0
NKE,2014-09-05,41.05500030517578,39.67499923706055,38.71240234375,12380600.0
NKE,2014-09-08,41.39500045776367,40.54499816894531,38.88227844238281,11728200.0
NKE,2014-09-09,41.27000045776367,40.755001068115234,38.61802291870117,8119000.0
NKE,2014-09-10,41.30500030517578,40.75,38.91530990600586,6742400.0
NKE,2014-09-11,41.29499816894531,40.77000045776367,38.60858917236328,7460400.0
NKE,2014-09-12,41.0,40.70500183105469,38.61802291870117,5926200.0
NKE,2014-09-15,41.09000015258789,40.505001068115234,38.50950622558594,6729000.0
NKE,2014-09-16,40.77000045776367,40.415000915527344,38.3160285949707,9393200.0
NKE,2014-09-17,40.915000915527344,40.5,38.462310791015625,7443200.0
NKE,2014-09-18,41.0,40.625,38.67937088012695,6393400.0
NKE,2014-09-19,41.369998931884766,40.665000915527344,38.60387420654297,19704400.0
NKE,2014-09-22,40.935001373291016,40.099998474121094,38.08481216430664,8138400.0
NKE,2014-09-23,40.290000915527344,39.94499969482422,37.806419372558594,6046800.0
NKE,2014-09-24,40.435001373291016,39.959999084472656,38.146156311035156,6754000.0
NKE,2014-09-25,40.34000015258789,39.6349983215332,37.63181686401367,14138400.0
NKE,2014-09-26,44.994998931884766,43.650001525878906,42.23257064819336,35090400.0
NKE,2014-09-29,45.04999923706055,44.1349983215332,42.05326461791992,14834400.0
NKE,2014-09-30,45.14500045776367,44.20000076293945,42.09100341796875,11583400.0
NKE,2014-10-01,44.5,43.755001068115234,41.38319778442383,9471600.0
NKE,2014-10-02,44.755001068115234,43.439998626708984,42.13819122314453,8739200.0
NKE,2014-10-03,45.224998474121094,44.584999084472656,42.60535430908203,8790000.0
NKE,2014-10-06,45.25,44.279998779296875,42.10044479370117,7031200.0
NKE,2014-10-07,44.595001220703125,44.01499938964844,41.557796478271484,5486400.0
NKE,2014-10-08,44.58000183105469,43.76499938964844,41.916419982910156,7481200.0
NKE,2014-10-09,44.494998931884766,43.54999923706055,41.161415100097656,7462200.0
NKE,2014-10-10,44.099998474121094,43.505001068115234,41.142539978027344,9048200.0
NKE,2014-10-13,43.560001373291016,42.619998931884766,40.293182373046875,8005200.0
NKE,2014-10-14,42.95500183105469,42.41999816894531,40.151615142822266,9853400.0
NKE,2014-10-15,43.54999923706055,42.04999923706055,40.19407272338867,17571600.0
NKE,2014-10-16,43.625,41.92499923706055,41.07176208496094,13644000.0
NKE,2014-10-17,44.17499923706055,43.46500015258789,41.13782501220703,11396800.0
NKE,2014-10-20,44.46500015258789,43.3849983215332,41.94944763183594,6743400.0
NKE,2014-10-21,45.349998474121094,44.5099983215332,42.77049255371094,6459600.0
NKE,2014-10-22,45.76499938964844,44.904998779296875,42.40243911743164,7087800.0
NKE,2014-10-23,45.65999984741211,44.974998474121094,42.64309310913086,6191800.0
NKE,2014-10-24,45.494998931884766,44.95500183105469,42.8931884765625,4931000.0
NKE,2014-10-27,45.88999938964844,45.21500015258789,43.242374420166016,5819400.0
NKE,2014-10-28,46.224998474121094,45.654998779296875,43.62459182739258,6358400.0
NKE,2014-10-29,46.27000045776367,45.709999084472656,43.388648986816406,4998600.0
NKE,2014-10-30,46.5,45.775001525878906,43.88410949707031,4585200.0
NKE,2014-10-31,47.06999969482422,46.334999084472656,43.869964599609375,6463600.0
NKE,2014-11-03,46.7400016784668,46.435001373291016,44.09646224975586,4862800.0
NKE,2014-11-04,47.0099983215332,46.310001373291016,44.332401275634766,4441400.0
NKE,2014-11-05,47.41999816894531,46.85499954223633,44.6768684387207,6513800.0
NKE,2014-11-06,47.54499816894531,47.27000045776367,44.63911437988281,5482000.0
NKE,2014-11-07,47.375,46.77000045776367,44.252174377441406,4909800.0
NKE,2014-11-10,47.53499984741211,47.02000045776367,44.80898666381836,5898200.0
NKE,2014-11-11,47.650001525878906,47.290000915527344,44.771236419677734,4563200.0
NKE,2014-11-12,47.959999084472656,47.1150016784668,45.210086822509766,5018400.0
NKE,2014-11-13,48.275001525878906,47.779998779296875,45.356361389160156,5417400.0
NKE,2014-11-14,47.939998626708984,47.505001068115234,45.06380844116211,6406800.0
NKE,2014-11-17,48.095001220703125,47.52000045776367,45.32804489135742,5931000.0
NKE,2014-11-18,48.42499923706055,47.880001068115234,45.52153015136719,4803400.0
NKE,2014-11-19,48.54999923706055,48.17499923706055,45.748016357421875,4586000.0
NKE,2014-11-20,48.849998474121094,48.154998779296875,45.91316604614258,4822400.0
NKE,2014-11-21,49.47999954223633,48.33000183105469,45.96980285644531,7016400.0
NKE,2014-11-24,49.25,48.869998931884766,46.21988296508789,5081600.0
NKE,2014-11-25,49.25,48.6349983215332,45.908451080322266,6177200.0
NKE,2014-11-26,48.939998626708984,48.54999923706055,46.14911651611328,3948800.0
NKE,2014-11-28,49.880001068115234,49.1150016784668,46.85220718383789,3609400.0
NKE,2014-12-01,49.69499969482422,48.83000183105469,46.09720230102539,5139200.0
NKE,2014-12-02,49.36000061035156,48.845001220703125,46.26237487792969,4384000.0
NKE,2014-12-03,49.29999923706055,48.7599983215332,46.47942352294922,3792000.0
NKE,2014-12-04,49.69499969482422,49.029998779296875,46.738948822021484,4128200.0
NKE,2014-12-05,49.75,49.415000915527344,46.871070861816406,3408200.0
NKE,2014-12-08,49.525001525878906,48.650001525878906,46.111366271972656,5155200.0
NKE,2014-12-09,48.70000076293945,47.9900016784668,45.785770416259766,5989000.0
NKE,2014-12-10,49.119998931884766,48.22999954223633,46.08304977416992,6457800.0
NKE,2014-12-11,49.29999923706055,48.41999816894531,45.870094299316406,8723600.0
NKE,2014-12-12,48.94499969482422,48.084999084472656,45.51043701171875,8243800.0
NKE,2014-12-15,48.46500015258789,47.38999938964844,45.16025924682617,10152600.0
NKE,2014-12-16,47.709999084472656,46.48500061035156,44.109676361083984,14614400.0
NKE,2014-12-17,47.380001068115234,46.45000076293945,44.720149993896484,11205200.0
NKE,2014-12-18,48.540000915527344,47.529998779296875,45.94108200073242,18960800.0
NKE,2014-12-19,48.13999938964844,46.415000915527344,44.881046295166016,27002000.0
NKE,2014-12-22,47.96500015258789,47.5099983215332,45.39686965942383,7662200.0
NKE,2014-12-23,48.255001068115234,47.79499816894531,45.41578674316406,5241800.0
NKE,2014-12-24,48.67499923706055,48.04499816894531,45.56722640991211,2439600.0
NKE,2014-12-26,48.60499954223633,48.125,45.82276916503906,3144400.0
NKE,2014-12-29,48.82500076293945,48.30500030517578,46.04518127441406,4017800.0
NKE,2014-12-30,48.650001525878906,48.310001373291016,45.84642791748047,4146800.0
NKE,2014-12-31,48.80500030517578,48.02000045776367,45.5009765625,4697400.0
NKE,2015-01-02,48.474998474121094,47.05500030517578,44.97096252441406,4985800.0
NKE,2015-01-05,47.275001525878906,46.564998626708984,44.246917724609375,6889200.0
NKE,2015-01-06,47.07500076293945,46.03499984741211,43.98664855957031,7576000.0
NKE,2015-01-07,47.650001525878906,46.54999923706055,44.895233154296875,7256000.0
NKE,2015-01-08,48.54999923706055,47.810001373291016,45.93160629272461,5978200.0
NKE,2015-01-09,48.494998931884766,47.79999923706055,45.425254821777344,4689000.0
NKE,2015-01-12,48.2599983215332,47.6150016784668,45.36374282836914,5630800.0
NKE,2015-01-13,48.724998474121094,47.314998626708984,44.961490631103516,6182200.0
NKE,2015-01-14,47.185001373291016,46.45500183105469,44.34629440307617,6750400.0
NKE,2015-01-15,47.34000015258789,46.28499984741211,43.92038345336914,4235000.0
NKE,2015-01-16,46.564998626708984,46.01499938964844,44.00557327270508,8770000.0
NKE,2015-01-20,46.94499969482422,46.310001373291016,44.29896926879883,9403800.0
NKE,2015-01-21,47.064998626708984,46.505001068115234,44.25165557861328,5854000.0
NKE,2015-01-22,48.05500030517578,46.779998779296875,45.3590087890625,6952400.0
NKE,2015-01-23,48.375,47.82500076293945,45.505706787109375,6781000.0
NKE,2015-01-26,48.23500061035156,47.775001525878906,45.595619201660156,4964000.0
NKE,2015-01-27,47.724998474121094,47.060001373291016,44.720149993896484,6696800.0
NKE,2015-01-28,47.65999984741211,46.625,44.15700149536133,6402600.0
NKE,2015-01-29,47.435001373291016,46.584999084472656,44.895233154296875,6802400.0
NKE,2015-01-30,47.18000030517578,46.04999923706055,43.655372619628906,8106400.0
NKE,2015-02-02,46.345001220703125,45.3849983215332,43.499210357666016,8056600.0
NKE,2015-02-03,46.69499969482422,46.01499938964844,44.17593765258789,7940200.0
NKE,2015-02-04,46.6349983215332,46.1349983215332,43.792625427246094,7187400.0
NKE,2015-02-05,46.79499816894531,46.279998779296875,44.17119598388672,5754400.0
NKE,2015-02-06,46.73500061035156,45.77000045776367,43.43769836425781,7381800.0
NKE,2015-02-09,45.849998474121094,45.345001220703125,43.144287109375,7339400.0
NKE,2015-02-10,46.54999923706055,45.61000061035156,43.89199447631836,7694600.0
NKE,2015-02-11,46.375,45.474998474121094,43.210540771484375,8541000.0
NKE,2015-02-12,46.33000183105469,45.400001525878906,43.537078857421875,11855800.0
NKE,2015-02-13,46.28499984741211,45.95000076293945,43.55599594116211,7695600.0
NKE,2015-02-17,46.45000076293945,45.86000061035156,43.4708251953125,7371000.0
NKE,2015-02-18,46.8849983215332,45.71500015258789,44.30370330810547,8143800.0
NKE,2015-02-19,47.130001068115234,46.7400016784668,44.3415641784668,6605200.0
NKE,2015-02-20,47.64500045776367,46.67499923706055,44.92363357543945,7398000.0
NKE,2015-02-23,47.6150016784668,47.13999938964844,44.961490631103516,4622200.0
NKE,2015-02-24,47.77000045776367,47.375,45.155521392822266,5239200.0
NKE,2015-02-25,48.599998474121094,47.709999084472656,45.81804656982422,7053600.0
NKE,2015-02-26,48.665000915527344,48.32500076293945,46.0316047668457,5935000.0
NKE,2015-02-27,48.70500183105469,48.314998626708984,46.09331130981445,7118600.0
NKE,2015-03-02,49.43000030517578,48.375,46.86690902709961,11025000.0
NKE,2015-03-03,49.23500061035156,48.560001373291016,46.49673080444336,7038400.0
NKE,2015-03-04,48.935001373291016,48.47999954223633,46.283138275146484,4853000.0
NKE,2015-03-05,49.34000015258789,48.89500045776367,46.729286193847656,6633600.0
NKE,2015-03-06,49.345001220703125,48.29999923706055,45.9936408996582,7174600.0
NKE,2015-03-09,48.90999984741211,48.470001220703125,46.240440368652344,5938800.0
NKE,2015-03-10,48.48500061035156,48.125,45.80380630493164,7096000.0
NKE,2015-03-11,48.540000915527344,47.59000015258789,45.248512268066406,7484200.0
NKE,2015-03-12,48.54999923706055,47.689998626708984,46.05534744262695,5809800.0
NKE,2015-03-13,48.7400016784668,47.650001525878906,45.471588134765625,7396200.0
NKE,2015-03-16,48.400001525878906,47.96500015258789,45.77058029174805,8497000.0
NKE,2015-03-17,48.38999938964844,47.755001068115234,45.81804656982422,6408200.0
NKE,2015-03-18,48.935001373291016,47.80500030517578,46.278404235839844,8855600.0
NKE,2015-03-19,49.310001373291016,48.60499954223633,46.662837982177734,13536000.0
NKE,2015-03-20,51.89500045776367,50.625,48.39986801147461,29779800.0
NKE,2015-03-23,51.29999923706055,50.599998474121094,48.153072357177734,10471800.0
NKE,2015-03-24,50.83000183105469,50.29999923706055,47.76865005493164,7598800.0
NKE,2015-03-25,50.59000015258789,49.470001220703125,46.98081588745117,8133400.0
NKE,2015-03-26,50.04499816894531,48.834999084472656,47.142181396484375,9479800.0
NKE,2015-03-27,50.09000015258789,49.560001373291016,47.40320587158203,4403600.0
NKE,2015-03-30,50.775001525878906,50.27000045776367,47.882564544677734,5435400.0
NKE,2015-03-31,50.91999816894531,50.14500045776367,47.61677169799805,6309200.0
NKE,2015-04-01,50.13999938964844,49.16999816894531,47.24658966064453,6605400.0
NKE,2015-04-02,50.15999984741211,49.69499969482422,47.29880142211914,3840400.0
NKE,2015-04-06,50.314998626708984,49.275001525878906,47.33201599121094,5027400.0
NKE,2015-04-07,50.130001068115234,49.73500061035156,47.27507400512695,3993600.0
NKE,2015-04-08,50.48500061035156,49.86000061035156,47.858821868896484,6522400.0
NKE,2015-04-09,50.845001220703125,50.29999923706055,47.80187225341797,5301000.0
NKE,2015-04-10,50.540000915527344,49.96500015258789,47.445926666259766,5918200.0
NKE,2015-04-13,50.029998779296875,49.529998779296875,47.11370086669922,7313800.0
NKE,2015-04-14,49.904998779296875,49.349998474121094,47.237083435058594,4770800.0
NKE,2015-04-15,50.3650016784668,49.8650016784668,47.379486083984375,5716200.0
NKE,2015-04-16,50.084999084472656,49.70000076293945,47.41270065307617,4104000.0
NKE,2015-04-17,49.685001373291016,49.06999969482422,46.7719841003418,6049600.0
NKE,2015-04-20,50.16999816894531,49.5099983215332,47.45541763305664,6208600.0
NKE,2015-04-21,50.42499923706055,49.86000061035156,47.597801208496094,5125200.0
NKE,2015-04-22,50.19499969482422,49.64500045776367,47.53135299682617,3905800.0
NKE,2015-04-23,50.79999923706055,49.724998474121094,47.98696517944336,4668200.0
NKE,2015-04-24,50.63999938964844,50.10499954223633,47.91102981567383,4334000.0
NKE,2015-04-27,51.0,50.3849983215332,47.90628433227539,5158400.0
NKE,2015-04-28,50.400001525878906,49.595001220703125,47.39371109008789,6031600.0
NKE,2015-04-29,50.244998931884766,49.630001068115234,47.54084014892578,5395200.0
NKE,2015-04-30,50.255001068115234,49.22999954223633,46.90963363647461,6497000.0
NKE,2015-05-01,50.40999984741211,49.70500183105469,47.830345153808594,6683400.0
NKE,2015-05-04,50.599998474121094,50.2400016784668,47.85408401489258,4557800.0
NKE,2015-05-05,50.435001373291016,50.130001068115234,47.659488677978516,5104400.0
NKE,2015-05-06,50.5,49.84000015258789,47.5645751953125,5396600.0
NKE,2015-05-07,50.79499816894531,50.0099983215332,48.1483268737793,5526200.0
NKE,2015-05-08,51.650001525878906,51.14500045776367,48.618194580078125,5534800.0
NKE,2015-05-11,51.61000061035156,51.04499816894531,48.78430938720703,5339800.0
NKE,2015-05-12,51.345001220703125,50.79999923706055,48.58498001098633,4676400.0
NKE,2015-05-13,51.3650016784668,50.89500045776367,48.48530197143555,4508200.0
NKE,2015-05-14,51.755001068115234,51.154998779296875,49.0927848815918,5433400.0
NKE,2015-05-15,52.51499938964844,51.685001373291016,49.82368087768555,7865200.0
NKE,2015-05-18,52.75,52.209999084472656,49.71451187133789,5045200.0
NKE,2015-05-19,52.59000015258789,52.17499923706055,49.66230773925781,5971200.0
NKE,2015-05-20,52.57500076293945,52.10499954223633,49.6480712890625,5399200.0
NKE,2015-05-21,52.599998474121094,52.119998931884766,49.54840087890625,5455200.0
NKE,2015-05-22,52.61000061035156,52.02000045776367,49.56264114379883,5654800.0
NKE,2015-05-26,52.375,51.59000015258789,49.08330154418945,5691400.0
NKE,2015-05-27,51.959999084472656,51.154998779296875,48.80802917480469,8896800.0
NKE,2015-05-28,51.474998474121094,50.755001068115234,48.68429946899414,5781600.0
NKE,2015-05-29,51.189998626708984,50.52000045776367,48.38447570800781,5562200.0
NKE,2015-06-01,51.14500045776367,50.724998474121094,48.42730712890625,4944000.0
NKE,2015-06-02,51.345001220703125,50.75,48.593875885009766,4974400.0
NKE,2015-06-03,51.54499816894531,50.8849983215332,48.784244537353516,4766800.0
NKE,2015-06-04,51.650001525878906,50.810001373291016,48.517730712890625,4467200.0
NKE,2015-06-05,51.125,50.564998626708984,48.55580520629883,3791800.0
NKE,2015-06-08,50.94499969482422,50.689998626708984,48.275028228759766,4314000.0
NKE,2015-06-09,50.96500015258789,50.38999938964844,48.23218536376953,3476800.0
NKE,2015-06-10,52.01499938964844,50.83000183105469,49.179229736328125,6270400.0
NKE,2015-06-11,52.560001373291016,51.73500061035156,49.43621826171875,6178000.0
NKE,2015-06-12,52.04999923706055,51.60499954223633,49.38861846923828,4133000.0
NKE,2015-06-15,51.92499923706055,51.3650016784668,49.183990478515625,4902000.0
NKE,2015-06-16,52.4900016784668,51.720001220703125,49.75982666015625,5034000.0
NKE,2015-06-17,52.584999084472656,52.040000915527344,49.85024642944336,4072400.0
NKE,2015-06-18,53.334999084472656,52.505001068115234,50.44512176513672,5690600.0
NKE,2015-06-19,53.42499923706055,52.970001220703125,50.69734573364258,7285600.0
NKE,2015-06-22,53.724998474121094,53.32500076293945,50.82107162475586,4186600.0
NKE,2015-06-23,53.630001068115234,53.40999984741211,51.01618957519531,5934200.0
NKE,2015-06-24,53.685001373291016,53.02000045776367,50.5498161315918,5056200.0
NKE,2015-06-25,53.404998779296875,52.334999084472656,50.073917388916016,10811400.0
NKE,2015-06-26,55.16999816894531,54.185001373291016,52.210697174072266,20287600.0
NKE,2015-06-29,54.744998931884766,53.83000183105469,51.23986053466797,9005000.0
NKE,2015-06-30,54.439998626708984,53.900001525878906,51.40642547607422,7531200.0
NKE,2015-07-01,54.71500015258789,54.29499816894531,52.07744598388672,5924000.0
NKE,2015-07-02,55.3650016784668,54.54499816894531,52.286834716796875,5900000.0
NKE,2015-07-06,55.255001068115234,54.505001068115234,52.272560119628906,4991400.0
NKE,2015-07-07,55.665000915527344,54.529998779296875,52.962615966796875,7207000.0
NKE,2015-07-08,55.375,54.5,52.001304626464844,6733600.0
NKE,2015-07-09,55.459999084472656,54.595001220703125,52.08219528198242,6168400.0
NKE,2015-07-10,55.400001525878906,54.5,52.59616470336914,5159200.0
NKE,2015-07-13,56.275001525878906,55.400001525878906,53.495609283447266,5047600.0
NKE,2015-07-14,56.529998779296875,55.959999084472656,53.462303161621094,5561400.0
NKE,2015-07-15,56.19499969482422,55.845001220703125,53.2529182434082,5016400.0
NKE,2015-07-16,56.45000076293945,55.92499923706055,53.462303161621094,4334600.0
NKE,2015-07-17,56.4900016784668,55.95000076293945,53.68121337890625,4545400.0
NKE,2015-07-20,56.775001525878906,56.40999984741211,53.8382682800293,5978200.0
NKE,2015-07-21,56.78499984741211,56.36000061035156,53.77164077758789,4626400.0
NKE,2015-07-22,57.11000061035156,56.435001373291016,54.29512023925781,5954200.0
NKE,2015-07-23,57.349998474121094,56.904998779296875,54.252296447753906,6714200.0
NKE,2015-07-24,57.09000015258789,56.23500061035156,53.77164077758789,5967200.0
NKE,2015-07-27,56.459999084472656,55.474998474121094,53.17201232910156,6648000.0
NKE,2015-07-28,56.95500183105469,55.92499923706055,54.00007247924805,6948200.0
NKE,2015-07-29,57.66999816894531,56.75,54.69011688232422,6839800.0
NKE,2015-07-30,57.70000076293945,56.970001220703125,54.73295593261719,5594000.0
NKE,2015-07-31,57.970001220703125,57.415000915527344,54.8328857421875,5078600.0
NKE,2015-08-03,58.0,56.79499816894531,54.64728927612305,4992000.0
NKE,2015-08-04,57.96500015258789,57.165000915527344,55.094627380371094,5229000.0
NKE,2015-08-05,58.86000061035156,58.17499923706055,55.561012268066406,6853000.0
NKE,2015-08-06,58.75,57.185001373291016,54.785301208496094,6211400.0
NKE,2015-08-07,57.47999954223633,56.54999923706055,54.49500274658203,5907800.0
NKE,2015-08-10,58.084999084472656,57.42499923706055,54.89952087402344,4613200.0
NKE,2015-08-11,57.494998931884766,56.814998626708984,54.47120666503906,5107400.0
NKE,2015-08-12,56.875,55.32500076293945,53.804954528808594,7127000.0
NKE,2015-08-13,57.26499938964844,56.474998474121094,54.06193161010742,5907800.0
NKE,2015-08-14,57.28499984741211,56.55500030517578,54.423614501953125,4685200.0
NKE,2015-08-17,57.564998626708984,56.54499816894531,54.71867370605469,3917400.0
NKE,2015-08-18,57.84000015258789,57.29499816894531,54.64253616333008,3669400.0
NKE,2015-08-19,58.025001525878906,56.775001525878906,54.70914840698242,6216400.0
NKE,2015-08-20,57.224998474121094,56.119998931884766,53.44327163696289,6536800.0
NKE,2015-08-21,55.83000183105469,53.41999816894531,50.859153747558594,15912800.0
NKE,2015-08-24,53.689998626708984,47.25,49.431453704833984,19882600.0
NKE,2015-08-25,53.654998779296875,51.7400016784668,49.2696418762207,13616200.0
NKE,2015-08-26,54.505001068115234,51.9900016784668,51.75859069824219,15156000.0
NKE,2015-08-27,56.345001220703125,54.814998626708984,53.59555435180664,13617400.0
NKE,2015-08-28,56.5,55.81999969482422,53.538448333740234,7526200.0
NKE,2015-08-31,56.244998931884766,55.6150016784668,53.1815299987793,7073600.0
NKE,2015-09-01,54.915000915527344,54.01499938964844,51.69672775268555,9385200.0
NKE,2015-09-02,55.38999938964844,54.599998474121094,52.68183135986328,8536400.0
NKE,2015-09-03,56.04499816894531,55.20500183105469,52.88698196411133,6065000.0
NKE,2015-09-04,55.21500015258789,54.470001220703125,52.33354949951172,7126200.0
NKE,2015-09-08,55.935001373291016,55.11000061035156,53.31639099121094,5511400.0
NKE,2015-09-09,56.494998931884766,54.80500030517578,52.41466522216797,6349800.0
NKE,2015-09-10,55.52000045776367,54.470001220703125,52.662750244140625,7363000.0
NKE,2015-09-11,55.91999816894531,54.994998931884766,53.34977722167969,5589600.0
NKE,2015-09-14,56.029998779296875,55.56999969482422,53.383174896240234,6833200.0
NKE,2015-09-15,57.040000915527344,55.400001525878906,54.313533782958984,7699400.0
NKE,2015-09-16,57.95500183105469,56.91999816894531,55.1436882019043,8104400.0
NKE,2015-09-17,58.39500045776367,57.279998779296875,54.99578857421875,8062600.0
NKE,2015-09-18,57.814998626708984,56.880001068115234,54.890830993652344,18615000.0
NKE,2015-09-21,58.54499816894531,57.380001068115234,55.61125183105469,8746600.0
NKE,2015-09-22,58.08000183105469,57.189998626708984,55.32976150512695,7555400.0
NKE,2015-09-23,58.29999923706055,57.599998474121094,55.07212448120117,9055800.0
NKE,2015-09-24,57.57500076293945,56.75,54.76677703857422,14352600.0
NKE,2015-09-25,62.974998474121094,61.349998474121094,59.63801193237305,36968200.0
NKE,2015-09-28,62.380001068115234,60.42499923706055,58.27349090576172,16450800.0
NKE,2015-09-29,61.04499816894531,59.525001525878906,57.09503936767578,14414400.0
NKE,2015-09-30,61.560001373291016,60.369998931884766,58.669490814208984,9437800.0
NKE,2015-10-01,61.970001220703125,60.63999938964844,59.079803466796875,8994200.0
NKE,2015-10-02,62.60499954223633,60.779998779296875,59.738197326660156,9114400.0
NKE,2015-10-05,63.244998931884766,62.04499816894531,59.28972244262695,9646400.0
NKE,2015-10-06,62.400001525878906,61.29499816894531,58.77444839477539,7665400.0
NKE,2015-10-07,62.224998474121094,60.5,58.25441360473633,10215400.0
NKE,2015-10-08,62.619998931884766,61.334999084472656,59.59506607055664,7622600.0
NKE,2015-10-09,62.66999816894531,62.04499816894531,59.60939025878906,6940600.0
NKE,2015-10-12,63.54999923706055,62.5099983215332,60.32027053833008,5449000.0
NKE,2015-10-13,63.27000045776367,62.79499816894531,60.02446746826172,6355400.0
NKE,2015-10-14,63.30500030517578,62.69499969482422,60.03877258300781,6509000.0
NKE,2015-10-15,64.58499908447266,63.47999954223633,61.44622802734375,10764800.0
NKE,2015-10-16,65.29499816894531,64.43499755859375,62.24776840209961,9321600.0
NKE,2015-10-19,66.76000213623047,65.55500030517578,63.55503463745117,12587800.0
NKE,2015-10-20,66.68000030517578,65.98500061035156,63.154266357421875,9104200.0
NKE,2015-10-21,66.61000061035156,65.91500091552734,63.20198440551758,5504000.0
NKE,2015-10-22,66.7249984741211,65.29000091552734,63.17335510253906,9294800.0
NKE,2015-10-23,66.5999984741211,64.45500183105469,62.27640151977539,10517800.0
NKE,2015-10-26,66.11499786376953,65.13500213623047,62.681941986083984,6882800.0
NKE,2015-10-27,65.62000274658203,64.83000183105469,62.41476058959961,6150000.0
NKE,2015-10-28,66.0250015258789,64.96499633789062,62.63899612426758,7091400.0
NKE,2015-10-29,65.73500061035156,64.9800033569336,62.55788803100586,4959000.0
NKE,2015-10-30,65.80999755859375,65.03500366210938,62.514949798583984,7230800.0
NKE,2015-11-02,66.0,64.7300033569336,62.59129333496094,6123200.0
NKE,2015-11-03,65.8499984741211,65.33999633789062,62.69146728515625,5492000.0
NKE,2015-11-04,65.93499755859375,64.94000244140625,62.19529342651367,5190200.0
NKE,2015-11-05,66.22000122070312,65.2300033569336,62.91094207763672,5068200.0
NKE,2015-11-06,66.47000122070312,65.68000030517578,62.87278366088867,4837600.0
NKE,2015-11-09,65.70999908447266,64.63500213623047,62.25254440307617,6181200.0
NKE,2015-11-10,65.34500122070312,64.76499938964844,62.02353286743164,5287400.0
NKE,2015-11-11,65.29499816894531,63.63999938964844,60.7926139831543,8578000.0
NKE,2015-11-12,64.0,62.70500183105469,60.10557556152344,9388000.0
NKE,2015-11-13,62.61000061035156,60.57500076293945,58.1399040222168,16371000.0
NKE,2015-11-16,61.7400016784668,60.66999816894531,58.90327072143555,9146400.0
NKE,2015-11-17,61.79999923706055,60.209999084472656,58.48343276977539,10581600.0
NKE,2015-11-18,63.01499938964844,61.33000183105469,60.010154724121094,10597800.0
NKE,2015-11-19,63.494998931884766,62.689998626708984,60.010154724121094,8557600.0
NKE,2015-11-20,66.4000015258789,65.23999786376953,63.28786849975586,19064800.0
NKE,2015-11-23,66.5,65.88999938964844,63.19721603393555,7135600.0
NKE,2015-11-24,66.48999786376953,65.62999725341797,63.221073150634766,5311600.0
NKE,2015-11-25,67.2750015258789,66.51499938964844,63.993953704833984,6989000.0
NKE,2015-11-27,67.6500015258789,66.66500091552734,64.08940124511719,4527800.0
NKE,2015-11-30,67.09500122070312,65.81999969482422,63.111328125,8738800.0
NKE,2015-12-01,66.70999908447266,65.95999908447266,63.602760314941406,6857000.0
NKE,2015-12-02,66.61000061035156,66.05000305175781,63.28786849975586,7965600.0
NKE,2015-12-03,66.68000030517578,64.5,61.603675842285156,10649800.0
NKE,2015-12-04,66.45999908447266,64.9000015258789,63.13518524169922,7410400.0
NKE,2015-12-07,66.44999694824219,65.30500030517578,62.93911361694336,6190000.0
NKE,2015-12-08,66.37000274658203,65.21499633789062,62.9869270324707,5605800.0
NKE,2015-12-09,65.7699966430664,63.869998931884766,61.61909866333008,7442800.0
NKE,2015-12-10,64.81999969482422,64.00499725341797,61.523441314697266,5682600.0
NKE,2015-12-11,63.869998931884766,62.834999084472656,60.3995361328125,8276000.0
NKE,2015-12-14,64.16500091552734,63.060001373291016,61.15040588378906,7991400.0
NKE,2015-12-15,65.0,64.17500305175781,61.50910186767578,6869600.0
NKE,2015-12-16,65.5999984741211,64.41000366210938,62.61867141723633,7542200.0
NKE,2015-12-17,65.92500305175781,65.03500366210938,62.27910232543945,7400800.0
NKE,2015-12-18,65.26499938964844,64.18499755859375,61.46605682373047,13804600.0
NKE,2015-12-21,65.15499877929688,64.30500030517578,62.0782356262207,8972600.0
NKE,2015-12-22,65.92500305175781,64.91000366210938,63.05867004394531,17218400.0
NKE,2015-12-23,68.19499969482422,63.90999984741211,61.55692672729492,57319400.0
NKE,2015-12-24,64.7300033569336,62.150001525878906,60.43302536010742,13889100.0
NKE,2015-12-28,63.880001068115234,62.79999923706055,61.03562545776367,8786800.0
NKE,2015-12-29,64.4800033569336,64.0199966430664,61.46605682373047,6708600.0
NKE,2015-12-30,64.4000015258789,63.16999816894531,60.49996566772461,5817900.0
NKE,2015-12-31,63.16999816894531,62.5,59.7825813293457,6454700.0
NKE,2016-01-04,61.90999984741211,60.86000061035156,58.845191955566406,11626800.0
NKE,2016-01-05,62.59000015258789,61.720001220703125,59.66779708862305,9220600.0
NKE,2016-01-06,62.040000915527344,61.150001525878906,58.816505432128906,6551600.0
NKE,2016-01-07,61.2599983215332,59.779998779296875,57.2477912902832,10881300.0
NKE,2016-01-08,60.790000915527344,58.65999984741211,56.31040573120117,11191300.0
NKE,2016-01-11,60.040000915527344,58.540000915527344,56.96084213256836,12825000.0
NKE,2016-01-12,60.81999969482422,59.56999969482422,57.33388900756836,8292200.0
NKE,2016-01-13,60.529998779296875,58.66999816894531,56.22431945800781,9944300.0
NKE,2016-01-14,59.349998474121094,57.279998779296875,55.966064453125,9989000.0
NKE,2016-01-15,58.13999938964844,56.59000015258789,55.05736541748047,12208300.0
NKE,2016-01-19,59.06999969482422,57.66999816894531,55.784324645996094,9924300.0
NKE,2016-01-20,59.59000015258789,56.75,56.47301483154297,16234200.0
NKE,2016-01-21,61.15999984741211,59.060001373291016,57.92692565917969,16121600.0
NKE,2016-01-22,61.470001220703125,60.59000015258789,58.233009338378906,8430100.0
NKE,2016-01-25,61.29999923706055,60.619998931884766,58.06084060668945,10383400.0
NKE,2016-01-26,61.369998931884766,60.27000045776367,58.45302200317383,8005200.0
NKE,2016-01-27,61.099998474121094,59.20000076293945,56.989540100097656,8593700.0
NKE,2016-01-28,61.599998474121094,59.97999954223633,58.53909683227539,10207000.0
NKE,2016-01-29,62.15999984741211,61.20000076293945,59.31387710571289,10475200.0
NKE,2016-02-01,63.470001220703125,61.70000076293945,60.413883209228516,8247800.0
NKE,2016-02-02,63.5,62.310001373291016,59.83041000366211,9458500.0
NKE,2016-02-03,62.900001525878906,61.29999923706055,59.773014068603516,7213500.0
NKE,2016-02-04,62.15999984741211,59.9900016784668,57.55388259887695,10455700.0
NKE,2016-02-05,59.84000015258789,56.97999954223633,54.684322357177734,14415900.0
NKE,2016-02-08,56.209999084472656,53.63999938964844,52.646934509277344,21214500.0
NKE,2016-02-09,56.619998931884766,54.279998779296875,53.25910186767578,10915700.0
NKE,2016-02-10,58.18000030517578,55.93000030517578,54.91389083862305,13376800.0
NKE,2016-02-11,56.90999984741211,55.38999938964844,53.56519317626953,13090900.0
NKE,2016-02-12,57.45000076293945,55.5,53.96692657470703,10229500.0
NKE,2016-02-16,58.0,56.81999969482422,55.277366638183594,8058000.0
NKE,2016-02-17,58.599998474121094,57.099998474121094,55.64084243774414,10332700.0
NKE,2016-02-18,58.959999084472656,57.97999954223633,56.05215072631836,9658600.0
NKE,2016-02-19,59.310001373291016,57.630001068115234,56.73127365112305,10080100.0
NKE,2016-02-22,60.47999954223633,59.2599983215332,57.55388259887695,11523400.0
NKE,2016-02-23,60.7400016784668,59.88999938964844,57.59214782714844,7504600.0
NKE,2016-02-24,60.70000076293945,59.20000076293945,57.77388381958008,10390800.0
NKE,2016-02-25,62.380001068115234,60.630001068115234,59.66779708862305,8524300.0
NKE,2016-02-26,63.4900016784668,62.470001220703125,59.878231048583984,8896100.0
NKE,2016-02-29,62.68000030517578,61.58000183105469,58.91215133666992,7720600.0
NKE,2016-03-01,63.099998474121094,61.75,60.1843147277832,7438300.0
NKE,2016-03-02,62.88999938964844,61.5,59.51475143432617,8465800.0
NKE,2016-03-03,62.20000076293945,60.91999816894531,58.94894790649414,7924400.0
NKE,2016-03-04,61.540000915527344,60.380001068115234,58.74755859375,7279400.0
NKE,2016-03-07,61.13999938964844,58.790000915527344,56.81999588012695,12829600.0
NKE,2016-03-08,60.599998474121094,58.709999084472656,57.35703659057617,9307900.0
NKE,2016-03-09,59.619998931884766,57.95000076293945,55.9377326965332,12766900.0
NKE,2016-03-10,59.040000915527344,57.970001220703125,56.465171813964844,9402600.0
NKE,2016-03-11,60.439998626708984,59.130001068115234,57.615962982177734,8834400.0
NKE,2016-03-14,61.33000183105469,60.099998474121094,58.3160285949707,7090500.0
NKE,2016-03-15,61.75,60.36000061035156,58.8818244934082,6188800.0
NKE,2016-03-16,62.22999954223633,61.290000915527344,59.32295227050781,7018300.0
NKE,2016-03-17,63.380001068115234,61.7400016784668,60.58882522583008,9926800.0
NKE,2016-03-18,63.97999954223633,62.849998474121094,60.406612396240234,13192900.0
NKE,2016-03-21,65.29000091552734,63.400001525878906,62.06566619873047,13635400.0
NKE,2016-03-22,65.44000244140625,64.16999816894531,62.238285064697266,18212900.0
NKE,2016-03-23,63.45000076293945,61.150001525878906,59.87916564941406,26987000.0
NKE,2016-03-24,62.13999938964844,61.119998931884766,59.1215705871582,12231300.0
NKE,2016-03-28,61.97999954223633,61.25,58.82428741455078,7899000.0
NKE,2016-03-29,61.900001525878906,61.25,58.968143463134766,7837800.0
NKE,2016-03-30,62.40999984741211,61.77000045776367,59.49557113647461,7859300.0
NKE,2016-03-31,62.63999938964844,61.310001373291016,58.94894790649414,8257800.0
NKE,2016-04-01,61.81999969482422,61.150001525878906,59.06403350830078,7555300.0
NKE,2016-04-04,61.849998474121094,59.41999816894531,57.510459899902344,16523400.0
NKE,2016-04-05,60.16999816894531,59.439998626708984,57.222774505615234,7554000.0
NKE,2016-04-06,60.68000030517578,59.189998626708984,57.83653259277344,10201500.0
NKE,2016-04-07,60.58000183105469,59.709999084472656,57.826934814453125,7092900.0
NKE,2016-04-08,60.560001373291016,59.31999969482422,56.983028411865234,8761700.0
NKE,2016-04-11,59.779998779296875,57.81999969482422,55.5445442199707,12593400.0
NKE,2016-04-12,58.619998931884766,56.88999938964844,56.148704528808594,12471100.0
NKE,2016-04-13,59.95000076293945,58.83000183105469,57.13646697998047,10629100.0
NKE,2016-04-14,60.34000015258789,59.439998626708984,57.0501594543457,7785200.0
NKE,2016-04-15,59.59000015258789,58.38999938964844,57.05974197387695,7653600.0
NKE,2016-04-18,60.0,59.380001068115234,57.12687683105469,6075900.0
NKE,2016-04-19,59.9900016784668,59.33000183105469,57.11729049682617,6594400.0
NKE,2016-04-20,60.2400016784668,59.43000030517578,57.174827575683594,7177500.0
NKE,2016-04-21,60.529998779296875,59.709999084472656,57.615962982177734,7156700.0
NKE,2016-04-22,60.220001220703125,58.970001220703125,56.992610931396484,8294300.0
NKE,2016-04-25,59.41999816894531,58.7599983215332,56.78163146972656,6117700.0
NKE,2016-04-26,59.970001220703125,59.27000045776367,57.098106384277344,5582200.0
NKE,2016-04-27,59.72999954223633,58.630001068115234,56.839176177978516,8094600.0
NKE,2016-04-28,59.88999938964844,58.41999816894531,56.139122009277344,6028600.0
NKE,2016-04-29,59.09000015258789,58.099998474121094,56.522705078125,8178700.0
NKE,2016-05-02,59.75,58.9900016784668,57.14605712890625,8647800.0
NKE,2016-05-03,59.849998474121094,59.029998779296875,57.07893753051758,8061300.0
NKE,2016-05-04,59.959999084472656,58.81999969482422,56.68573760986328,8062800.0
NKE,2016-05-05,58.97999954223633,58.0,55.80347442626953,7846000.0
NKE,2016-05-06,58.439998626708984,57.380001068115234,56.03363800048828,7308000.0
NKE,2016-05-09,59.189998626708984,58.45000076293945,56.31174087524414,5604900.0
NKE,2016-05-10,59.9900016784668,58.61000061035156,56.77205276489258,7600200.0
NKE,2016-05-11,58.68000030517578,56.849998474121094,54.67186737060547,12823000.0
NKE,2016-05-12,58.34000015258789,57.310001373291016,55.61167526245117,8083700.0
NKE,2016-05-13,58.119998931884766,57.279998779296875,54.959556579589844,7392600.0
NKE,2016-05-16,57.529998779296875,56.630001068115234,54.796539306640625,8045900.0
NKE,2016-05-17,57.380001068115234,56.650001525878906,54.758182525634766,7620700.0
NKE,2016-05-18,56.869998931884766,55.66999816894531,53.818363189697266,11532800.0
NKE,2016-05-19,57.29999923706055,55.66999816894531,54.70063781738281,9376500.0
NKE,2016-05-20,57.060001373291016,55.40999984741211,54.16360855102539,13745300.0
NKE,2016-05-23,56.970001220703125,55.95000076293945,53.693702697753906,7780700.0
NKE,2016-05-24,56.77000045776367,55.86000061035156,54.26909255981445,11098700.0
NKE,2016-05-25,56.689998626708984,55.77000045776367,53.693702697753906,9921500.0
NKE,2016-05-26,56.36000061035156,55.599998474121094,53.54985427856445,9063100.0
NKE,2016-05-27,56.529998779296875,55.97999954223633,53.885494232177734,8525900.0
NKE,2016-05-31,56.470001220703125,55.16999816894531,52.95527648925781,14233600.0
NKE,2016-06-01,55.040000915527344,52.91999816894531,52.677181243896484,28409300.0
NKE,2016-06-02,54.66999816894531,54.220001220703125,52.446346282958984,13901700.0
NKE,2016-06-03,54.56999969482422,53.400001525878906,51.407615661621094,17265800.0
NKE,2016-06-06,54.540000915527344,53.689998626708984,52.22513961791992,13808300.0
NKE,2016-06-07,54.349998474121094,53.54999923706055,51.5037956237793,13334000.0
NKE,2016-06-08,54.34000015258789,53.65999984741211,52.0520133972168,12068500.0
NKE,2016-06-09,55.04999923706055,53.880001068115234,52.840675354003906,11609800.0
NKE,2016-06-10,55.36000061035156,54.54999923706055,53.004180908203125,12183600.0
NKE,2016-06-13,55.63999938964844,54.880001068115234,52.81182861328125,8582200.0
NKE,2016-06-14,54.939998626708984,54.08000183105469,52.0520133972168,9585600.0
NKE,2016-06-15,55.060001373291016,54.2400016784668,52.2347526550293,7498400.0
NKE,2016-06-16,53.63999938964844,52.939998626708984,51.426856994628906,14456500.0
NKE,2016-06-17,53.869998931884766,53.15999984741211,51.65768051147461,11007100.0
NKE,2016-06-20,55.150001525878906,54.22999954223633,52.28284454345703,8429400.0
NKE,2016-06-21,55.09000015258789,54.439998626708984,52.67717742919922,8278200.0
NKE,2016-06-22,55.13999938964844,54.529998779296875,52.48480987548828,7019600.0
NKE,2016-06-23,55.18000030517578,53.95000076293945,52.0520133972168,11219800.0
NKE,2016-06-24,53.36000061035156,52.18000030517578,50.580474853515625,18481200.0
NKE,2016-06-27,52.52000045776367,51.47999954223633,49.907222747802734,15265700.0
NKE,2016-06-28,53.20000076293945,51.56999969482422,51.061370849609375,20837800.0
NKE,2016-06-29,55.13999938964844,52.88999938964844,53.02341842651367,36084800.0
NKE,2016-06-30,55.43000030517578,54.599998474121094,53.09074020385742,17350500.0
NKE,2016-07-01,55.810001373291016,54.90999984741211,53.485084533691406,9285100.0
NKE,2016-07-05,55.90999984741211,55.0099983215332,53.09074020385742,10256100.0
NKE,2016-07-06,55.810001373291016,54.81999969482422,53.66781997680664,7863400.0
NKE,2016-07-07,55.97999954223633,55.560001373291016,53.78322982788086,6948000.0
NKE,2016-07-08,56.81999969482422,56.09000015258789,54.552669525146484,8645900.0
NKE,2016-07-11,57.22999954223633,56.709999084472656,54.6584587097168,8122500.0
NKE,2016-07-12,58.20000076293945,57.06999969482422,55.84146499633789,11164400.0
NKE,2016-07-13,58.439998626708984,57.72999954223633,55.774131774902344,9126500.0
NKE,2016-07-14,58.599998474121094,58.150001525878906,56.25503158569336,7488400.0
NKE,2016-07-15,58.869998931884766,57.869998931884766,55.65872573852539,9225200.0
NKE,2016-07-18,58.15999984741211,57.7400016784668,55.533687591552734,6478900.0
NKE,2016-07-19,57.77000045776367,57.150001525878906,55.552921295166016,7442700.0
NKE,2016-07-20,58.099998474121094,57.7400016784668,55.552921295166016,5872400.0
NKE,2016-07-21,58.029998779296875,56.56999969482422,54.812347412109375,8262000.0
NKE,2016-07-22,56.959999084472656,56.43000030517578,54.56228256225586,8614700.0
NKE,2016-07-25,57.150001525878906,56.459999084472656,54.95661544799805,7256300.0
NKE,2016-07-26,57.869998931884766,56.25,54.21603775024414,8546700.0
NKE,2016-07-27,57.0,55.470001220703125,53.65819549560547,10295400.0
NKE,2016-07-28,55.810001373291016,54.97999954223633,53.33119583129883,9574100.0
NKE,2016-07-29,55.65999984741211,55.209999084472656,53.37928009033203,6353400.0
NKE,2016-08-01,55.869998931884766,55.29999923706055,53.292724609375,6268400.0
NKE,2016-08-02,55.279998779296875,54.779998779296875,52.82143783569336,7145600.0
NKE,2016-08-03,55.189998626708984,54.279998779296875,52.657936096191406,9687300.0
NKE,2016-08-04,55.56999969482422,54.650001525878906,52.6964111328125,8678100.0
NKE,2016-08-05,56.060001373291016,55.16999816894531,53.71590042114258,7512500.0
NKE,2016-08-08,56.38999938964844,55.68000030517578,53.84093475341797,6307000.0
NKE,2016-08-09,56.2400016784668,55.689998626708984,53.63896942138672,8044400.0
NKE,2016-08-10,56.18000030517578,55.06999969482422,53.02341842651367,6881400.0
NKE,2016-08-11,56.88999938964844,55.47999954223633,54.56228256225586,9539500.0
NKE,2016-08-12,56.7599983215332,56.130001068115234,54.2929801940918,5393400.0
NKE,2016-08-15,57.060001373291016,56.619998931884766,54.60074996948242,4836300.0
NKE,2016-08-16,57.040000915527344,56.41999816894531,54.706539154052734,4901800.0
NKE,2016-08-17,56.970001220703125,56.540000915527344,54.68731689453125,7340500.0
NKE,2016-08-18,57.459999084472656,56.900001525878906,55.02394104003906,6043600.0
NKE,2016-08-19,59.13999938964844,57.25,56.64937210083008,15987100.0
NKE,2016-08-22,59.459999084472656,58.650001525878906,56.41853332519531,8266000.0
NKE,2016-08-23,59.79999923706055,58.79999923706055,57.341854095458984,8222800.0
NKE,2016-08-24,60.33000183105469,59.720001220703125,57.918922424316406,11379000.0
NKE,2016-08-25,60.150001525878906,59.029998779296875,56.97636795043945,8713900.0
NKE,2016-08-26,59.20000076293945,58.29999923706055,56.745540618896484,9994300.0
NKE,2016-08-29,59.25,58.529998779296875,56.389686584472656,5831000.0
NKE,2016-08-30,58.7599983215332,57.849998474121094,55.783756256103516,6344600.0
NKE,2016-08-31,58.279998779296875,57.189998626708984,55.43750762939453,7723600.0
NKE,2016-09-01,58.54999923706055,57.529998779296875,56.45984649658203,8225000.0
NKE,2016-09-02,59.18000030517578,57.9900016784668,56.1116828918457,6933100.0
NKE,2016-09-06,58.380001068115234,57.209999084472656,55.521751403808594,9771800.0
NKE,2016-09-07,57.779998779296875,57.0099983215332,55.8215446472168,7536100.0
NKE,2016-09-08,57.27000045776367,56.11000061035156,54.32252883911133,12741900.0
NKE,2016-09-09,56.0,55.27000045776367,53.51015853881836,11310400.0
NKE,2016-09-12,56.119998931884766,54.95000076293945,54.167789459228516,7470900.0
NKE,2016-09-13,55.939998626708984,55.119998931884766,53.5488395690918,7359400.0
NKE,2016-09-14,55.560001373291016,54.93000030517578,53.316734313964844,7621200.0
NKE,2016-09-15,55.540000915527344,54.810001373291016,53.64555740356445,6283900.0
NKE,2016-09-16,55.36000061035156,55.04999923706055,53.36509323120117,11715400.0
NKE,2016-09-19,55.470001220703125,54.93000030517578,53.142662048339844,7671300.0
NKE,2016-09-20,55.439998626708984,54.7599983215332,53.06528854370117,8563000.0
NKE,2016-09-21,55.380001068115234,54.61000061035156,53.519832611083984,8041700.0
NKE,2016-09-22,55.97999954223633,55.2400016784668,53.58753204345703,8052400.0
NKE,2016-09-23,55.709999084472656,54.90999984741211,53.33607864379883,8921700.0
NKE,2016-09-26,55.0,54.08000183105469,52.61075210571289,11629600.0
NKE,2016-09-27,55.540000915527344,53.900001525878906,53.519832611083984,17945200.0
NKE,2016-09-28,55.0,52.79999923706055,51.498573303222656,33213000.0
NKE,2016-09-29,53.58000183105469,52.119998931884766,50.444419860839844,16993900.0
NKE,2016-09-30,53.060001373291016,52.279998779296875,50.91830825805664,12940200.0
NKE,2016-10-03,53.0,52.41999816894531,50.937652587890625,7632500.0
NKE,2016-10-04,53.060001373291016,52.08000183105469,50.42507553100586,10737400.0
NKE,2016-10-05,52.63999938964844,52.099998474121094,50.405738830566406,7244100.0
NKE,2016-10-06,52.33000183105469,51.970001220703125,50.318695068359375,9391700.0
NKE,2016-10-07,52.459999084472656,51.68000030517578,50.08659362792969,8407100.0
NKE,2016-10-10,52.25,51.77000045776367,50.08659362792969,5469300.0
NKE,2016-10-11,52.25,51.52000045776367,50.1156005859375,9203500.0
NKE,2016-10-12,52.709999084472656,51.79999923706055,50.71521759033203,9301300.0
NKE,2016-10-13,52.31999969482422,51.5,50.318695068359375,8425800.0
NKE,2016-10-14,52.5,51.619998931884766,49.92218017578125,7133800.0
NKE,2016-10-17,51.75,50.959999084472656,49.351593017578125,7904000.0
NKE,2016-10-18,51.65999984741211,51.189998626708984,49.535343170166016,6805200.0
NKE,2016-10-19,51.84000015258789,51.13999938964844,50.09626770019531,6999000.0
NKE,2016-10-20,52.36000061035156,51.689998626708984,50.18330383300781,6590500.0
NKE,2016-10-21,51.869998931884766,51.25,50.0672492980957,9161000.0
NKE,2016-10-24,52.290000915527344,51.83000183105469,50.163963317871094,7578200.0
NKE,2016-10-25,51.439998626708984,50.709999084472656,49.37092971801758,14975300.0
NKE,2016-10-26,52.27000045776367,50.900001525878906,50.26066207885742,12401100.0
NKE,2016-10-27,52.34000015258789,51.689998626708984,50.18330383300781,7939200.0
NKE,2016-10-28,52.5,51.790000915527344,50.30902862548828,9096700.0
NKE,2016-10-31,51.150001525878906,50.0,48.529544830322266,17931300.0
NKE,2016-11-01,50.5099983215332,49.13999938964844,47.98796081542969,14100400.0
NKE,2016-11-02,50.27000045776367,49.0099983215332,48.08467483520508,10775900.0
NKE,2016-11-03,50.0,49.310001373291016,48.0943489074707,7678700.0
NKE,2016-11-04,50.45000076293945,49.7599983215332,48.31678009033203,9925200.0
NKE,2016-11-07,50.93000030517578,50.279998779296875,49.235538482666016,8358700.0
NKE,2016-11-08,51.4900016784668,50.95000076293945,49.39994812011719,8111400.0
NKE,2016-11-09,51.27000045776367,49.79999923706055,49.438621520996094,9058600.0
NKE,2016-11-10,51.369998931884766,50.33000183105469,48.73263931274414,12316100.0
NKE,2016-11-11,50.849998474121094,50.18000030517578,49.10014343261719,6300600.0
NKE,2016-11-14,51.189998626708984,50.209999084472656,48.558563232421875,8063900.0
NKE,2016-11-15,50.63999938964844,49.75,48.48119354248047,9299800.0
NKE,2016-11-16,50.79999923706055,49.95000076293945,49.01310348510742,6760300.0
NKE,2016-11-17,51.66999816894531,50.720001220703125,49.89316940307617,7671600.0
NKE,2016-11-18,51.88999938964844,50.959999084472656,49.41928482055664,7461600.0
NKE,2016-11-21,51.41999816894531,50.95000076293945,49.59336471557617,5357200.0
NKE,2016-11-22,51.75,51.04999923706055,50.00922393798828,5228100.0
NKE,2016-11-23,51.849998474121094,51.20000076293945,49.651390075683594,4141600.0
NKE,2016-11-25,51.7400016784668,51.349998474121094,49.825477600097656,2736800.0
NKE,2016-11-28,51.439998626708984,50.61000061035156,49.33224868774414,8602100.0
NKE,2016-11-29,51.369998931884766,50.56999969482422,48.96474838256836,6065700.0
NKE,2016-11-30,50.810001373291016,50.06999969482422,48.42316818237305,8198400.0
NKE,2016-12-01,51.25,50.060001373291016,49.16082763671875,7610100.0
NKE,2016-12-02,50.68000030517578,50.11000061035156,48.976402282714844,6933300.0
NKE,2016-12-05,52.27000045776367,50.70000076293945,50.325538635253906,12031200.0
NKE,2016-12-06,51.099998474121094,50.2599983215332,49.083168029785156,12496300.0
NKE,2016-12-07,52.25,50.599998474121094,50.56818771362305,10412600.0
NKE,2016-12-08,52.470001220703125,51.45000076293945,50.03435134887695,9260900.0
NKE,2016-12-09,51.970001220703125,51.5,50.19935989379883,5869800.0
NKE,2016-12-12,51.900001525878906,50.939998626708984,50.024654388427734,11459500.0
NKE,2016-12-13,53.220001220703125,51.83000183105469,50.762306213378906,11442300.0
NKE,2016-12-14,52.34000015258789,51.59000015258789,50.26729965209961,8012800.0
NKE,2016-12-15,52.040000915527344,51.09000015258789,49.782005310058594,9567500.0
NKE,2016-12-16,51.63999938964844,50.66999816894531,49.42288589477539,13984900.0
NKE,2016-12-19,51.36000061035156,50.47999954223633,49.354942321777344,9451700.0
NKE,2016-12-20,51.9900016784668,50.75,50.26729965209961,15984100.0
NKE,2016-12-21,53.349998474121094,51.54999923706055,50.762306213378906,23236400.0
NKE,2016-12-22,53.0,52.029998779296875,50.60700988769531,11798900.0
NKE,2016-12-23,52.349998474121094,51.66999816894531,50.3837776184082,9360800.0
NKE,2016-12-27,52.25,51.20000076293945,49.782005310058594,8175000.0
NKE,2016-12-28,51.5,50.869998931884766,49.51993942260742,6318000.0
NKE,2016-12-29,51.2400016784668,50.880001068115234,49.55876159667969,4680800.0
NKE,2016-12-30,51.33000183105469,50.70000076293945,49.33552932739258,7384300.0
NKE,2017-01-03,52.5,51.77000045776367,50.451717376708984,13295600.0
NKE,2017-01-04,53.349998474121094,52.09000015258789,51.50967025756836,13759500.0
NKE,2017-01-05,53.099998474121094,52.439998626708984,51.49996566772461,8682200.0
NKE,2017-01-06,54.09000015258789,52.97999954223633,52.32496643066406,12532400.0
NKE,2017-01-09,53.9900016784668,53.220001220703125,51.81055450439453,8835300.0
NKE,2017-01-10,53.72999954223633,53.11000061035156,51.548500061035156,8041900.0
NKE,2017-01-11,53.290000915527344,52.66999816894531,51.140838623046875,8208300.0
NKE,2017-01-12,52.689998626708984,52.15999984741211,50.8593635559082,7368700.0
NKE,2017-01-13,52.93000030517578,52.22999954223633,51.364070892333984,6694400.0
NKE,2017-01-17,53.95000076293945,53.0099983215332,52.0726203918457,9888500.0
NKE,2017-01-18,53.88999938964844,52.86000061035156,51.70378875732422,6743100.0
NKE,2017-01-19,53.939998626708984,52.88999938964844,51.373783111572266,8320600.0
NKE,2017-01-20,53.349998474121094,52.900001525878906,51.63584518432617,7861000.0
NKE,2017-01-23,53.2599983215332,52.720001220703125,51.674678802490234,7025700.0
NKE,2017-01-24,53.56999969482422,52.9900016784668,51.87849807739258,6321300.0
NKE,2017-01-25,54.119998931884766,53.689998626708984,52.276432037353516,6675000.0
NKE,2017-01-26,54.119998931884766,53.36000061035156,52.0726203918457,6202000.0
NKE,2017-01-27,54.08000183105469,53.029998779296875,51.626136779785156,7362000.0
NKE,2017-01-30,53.220001220703125,52.40999984741211,51.519378662109375,9770800.0
NKE,2017-01-31,52.900001525878906,51.630001068115234,51.34466552734375,12342900.0
NKE,2017-02-01,53.2599983215332,52.61000061035156,51.46113967895508,8810900.0
NKE,2017-02-02,53.0099983215332,52.47999954223633,51.24760818481445,7874200.0
NKE,2017-02-03,52.810001373291016,52.25,50.82054901123047,8850400.0
NKE,2017-02-06,52.79999923706055,52.04999923706055,51.24760818481445,7355200.0
NKE,2017-02-07,53.279998779296875,52.66999816894531,51.2573127746582,6446900.0
NKE,2017-02-08,53.939998626708984,52.70000076293945,52.29585266113281,9281100.0
NKE,2017-02-09,55.70000076293945,53.880001068115234,53.683815002441406,14345400.0
NKE,2017-02-10,56.470001220703125,55.630001068115234,54.56706237792969,14973400.0
NKE,2017-02-13,56.34000015258789,55.75,54.44087219238281,7679800.0
NKE,2017-02-14,56.689998626708984,55.83000183105469,54.7902946472168,8891400.0
NKE,2017-02-15,56.7599983215332,56.209999084472656,54.974708557128906,6652000.0
NKE,2017-02-16,56.91999816894531,56.099998474121094,54.63499450683594,8374200.0
NKE,2017-02-17,56.79999923706055,55.86000061035156,55.08147430419922,12638000.0
NKE,2017-02-21,57.45000076293945,56.20000076293945,55.67353439331055,10955000.0
NKE,2017-02-22,58.380001068115234,57.36000061035156,56.52766799926758,10914100.0
NKE,2017-02-23,58.400001525878906,57.27000045776367,55.702659606933594,12316300.0
NKE,2017-02-24,58.41999816894531,57.06999969482422,56.158836364746094,9684500.0
NKE,2017-02-27,57.83000183105469,57.349998474121094,55.993831634521484,4375700.0
NKE,2017-02-28,57.54999923706055,56.86000061035156,55.47941589355469,7951300.0
NKE,2017-03-01,58.029998779296875,57.33000183105469,56.246192932128906,8558900.0
NKE,2017-03-02,58.25,57.650001525878906,56.27539825439453,6438400.0
NKE,2017-03-03,57.79999923706055,56.5099983215332,55.20441436767578,9181600.0
NKE,2017-03-06,56.93000030517578,56.529998779296875,55.27256774902344,6896800.0
NKE,2017-03-07,56.9900016784668,56.02000045776367,55.058372497558594,7124400.0
NKE,2017-03-08,56.939998626708984,56.310001373291016,55.0194206237793,7604800.0
NKE,2017-03-09,56.65999984741211,56.09000015258789,54.87338638305664,6165700.0
NKE,2017-03-10,56.9900016784668,56.2599983215332,54.9415397644043,8882400.0
NKE,2017-03-13,56.81999969482422,56.11000061035156,55.175201416015625,7235900.0
NKE,2017-03-14,58.0099983215332,56.720001220703125,55.76911163330078,9286900.0
NKE,2017-03-15,57.9900016784668,56.75,56.139095306396484,10067500.0
NKE,2017-03-16,57.720001220703125,56.83000183105469,56.08067321777344,9895000.0
NKE,2017-03-17,57.88999938964844,57.310001373291016,56.27539825439453,10791500.0
NKE,2017-03-20,58.810001373291016,57.959999084472656,57.13218307495117,13352500.0
NKE,2017-03-21,59.0,57.720001220703125,56.47985076904297,15269800.0
NKE,2017-03-22,55.0,53.7599983215332,52.497737884521484,37413400.0
NKE,2017-03-23,55.54999923706055,54.52000045776367,53.90949630737305,23848300.0
NKE,2017-03-24,56.63999938964844,55.119998931884766,54.87338638305664,14438600.0
NKE,2017-03-27,56.25,55.540000915527344,54.45472717285156,8663600.0
NKE,2017-03-28,56.779998779296875,55.790000915527344,55.126522064208984,7823900.0
NKE,2017-03-29,57.099998474121094,56.349998474121094,55.1849365234375,7456200.0
NKE,2017-03-30,56.599998474121094,55.810001373291016,54.56182098388672,7210500.0
NKE,2017-03-31,56.029998779296875,55.650001525878906,54.260005950927734,5905600.0
NKE,2017-04-03,55.79999923706055,55.150001525878906,54.094486236572266,7088800.0
NKE,2017-04-04,55.29999923706055,54.83000183105469,53.58819580078125,8843300.0
NKE,2017-04-05,55.79999923706055,54.5,53.52978515625,7722100.0
NKE,2017-04-06,55.939998626708984,54.939998626708984,53.68556213378906,6692200.0
NKE,2017-04-07,55.2400016784668,54.77000045776367,53.65635299682617,6078300.0
NKE,2017-04-10,55.33000183105469,54.720001220703125,53.4518928527832,5472700.0
NKE,2017-04-11,55.06999969482422,54.54999923706055,53.47136688232422,4348600.0
NKE,2017-04-12,55.619998931884766,54.5,54.10422134399414,8504100.0
NKE,2017-04-13,55.599998474121094,55.2599983215332,53.88029098510742,5282100.0
NKE,2017-04-17,56.34000015258789,55.25,54.75654983520508,7688700.0
NKE,2017-04-18,56.41999816894531,55.79999923706055,54.62997055053711,5651100.0
NKE,2017-04-19,56.220001220703125,55.7400016784668,54.386573791503906,5947700.0
NKE,2017-04-20,56.689998626708984,55.880001068115234,54.91232681274414,6867100.0
NKE,2017-04-21,56.380001068115234,55.68000030517578,54.376827239990234,6055600.0
NKE,2017-04-24,56.209999084472656,55.470001220703125,54.006866455078125,10777700.0
NKE,2017-04-25,55.77000045776367,55.40999984741211,53.98738479614258,8971000.0
NKE,2017-04-26,55.84000015258789,55.119998931884766,53.70503616333008,10936000.0
NKE,2017-04-27,55.56999969482422,54.90999984741211,54.006866455078125,8558000.0
NKE,2017-04-28,55.529998779296875,55.13999938964844,53.94844436645508,6437700.0
NKE,2017-05-01,55.45000076293945,54.97999954223633,53.53951644897461,4881400.0
NKE,2017-05-02,55.15999984741211,54.790000915527344,53.61740493774414,7363600.0
NKE,2017-05-03,55.29999923706055,54.400001525878906,53.091651916503906,9474700.0
NKE,2017-05-04,54.83000183105469,54.20000076293945,53.033233642578125,6830600.0
NKE,2017-05-05,54.5,53.560001373291016,52.526954650878906,13379900.0
NKE,2017-05-08,54.5099983215332,53.83000183105469,52.867713928222656,8728100.0
NKE,2017-05-09,55.08000183105469,54.15999984741211,53.442161560058594,6441200.0
NKE,2017-05-10,55.060001373291016,54.5099983215332,53.1208610534668,5823000.0
NKE,2017-05-11,54.52000045776367,53.400001525878906,52.80930709838867,6499600.0
NKE,2017-05-12,54.38999938964844,53.790000915527344,52.77035903930664,5606300.0
NKE,2017-05-15,54.20000076293945,53.68000030517578,52.35169982910156,8201700.0
NKE,2017-05-16,53.380001068115234,52.119998931884766,51.387813568115234,14562700.0
NKE,2017-05-17,52.869998931884766,51.79999923706055,50.43365478515625,18341500.0
NKE,2017-05-18,52.08000183105469,51.29999923706055,50.31682205200195,22576500.0
NKE,2017-05-19,52.11000061035156,50.810001373291016,50.40445327758789,20047800.0
NKE,2017-05-22,51.959999084472656,51.400001525878906,50.2097282409668,13671500.0
NKE,2017-05-23,52.630001068115234,51.880001068115234,50.82311248779297,11087300.0
NKE,2017-05-24,52.29999923706055,51.7400016784668,50.63812255859375,9383600.0
NKE,2017-05-25,52.59000015258789,52.209999084472656,50.969146728515625,7627500.0
NKE,2017-05-26,52.7599983215332,52.22999954223633,51.20282745361328,5921300.0
NKE,2017-05-30,53.02000045776367,52.63999938964844,51.52411651611328,8039600.0
NKE,2017-05-31,53.279998779296875,52.709999084472656,51.592281341552734,8938800.0
NKE,2017-06-01,53.29999923706055,52.209999084472656,51.09402847290039,13352100.0
NKE,2017-06-02,53.0099983215332,52.36000061035156,51.75835037231445,18511200.0
NKE,2017-06-05,53.22999954223633,52.70000076293945,51.78765869140625,5748900.0
NKE,2017-06-06,53.099998474121094,52.43000030517578,51.26988220214844,8923000.0
NKE,2017-06-07,53.36000061035156,52.75,52.00258255004883,7438300.0
NKE,2017-06-08,54.13999938964844,53.150001525878906,51.97328567504883,7785600.0
NKE,2017-06-09,53.470001220703125,52.79999923706055,52.2272834777832,8347400.0
NKE,2017-06-12,54.25,53.5,52.78413772583008,9180000.0
NKE,2017-06-13,54.65999984741211,53.84000015258789,53.05768585205078,8720100.0
NKE,2017-06-14,54.66999816894531,53.95000076293945,53.39961624145508,6783900.0
NKE,2017-06-15,54.04999923706055,52.72999954223633,51.680198669433594,16041100.0
NKE,2017-06-16,51.84000015258789,50.790000915527344,49.92170333862305,25725500.0
NKE,2017-06-19,52.220001220703125,51.400001525878906,50.820491790771484,11265300.0
NKE,2017-06-20,52.130001068115234,51.099998474121094,50.37110137939453,10676500.0
NKE,2017-06-21,52.689998626708984,51.900001525878906,51.377349853515625,13021700.0
NKE,2017-06-22,52.619998931884766,52.09000015258789,51.19173049926758,10660700.0
NKE,2017-06-23,52.91999816894531,51.66999816894531,51.63134765625,8522400.0
NKE,2017-06-26,53.56999969482422,52.66999816894531,52.051429748535156,7966200.0
NKE,2017-06-27,53.2599983215332,52.63999938964844,51.72904586791992,7873100.0
NKE,2017-06-28,53.61000061035156,52.959999084472656,52.12958908081055,7527200.0
NKE,2017-06-29,53.630001068115234,52.9900016784668,51.9439697265625,14801900.0
NKE,2017-06-30,59.709999084472656,56.5,57.63954162597656,46553000.0
NKE,2017-07-03,59.0099983215332,58.33000183105469,57.297611236572266,9910000.0
NKE,2017-07-05,58.290000915527344,57.5099983215332,56.232749938964844,16167000.0
NKE,2017-07-06,57.720001220703125,57.0,55.84196853637695,9035700.0
NKE,2017-07-07,58.08000183105469,57.029998779296875,56.643062591552734,8145400.0
NKE,2017-07-10,58.810001373291016,57.68000030517578,57.375762939453125,8942400.0
NKE,2017-07-11,58.93000030517578,58.040000915527344,56.83845138549805,7223000.0
NKE,2017-07-12,58.75,58.099998474121094,56.877525329589844,7243100.0
NKE,2017-07-13,58.58000183105469,57.93000030517578,56.60397720336914,8108600.0
NKE,2017-07-14,58.209999084472656,57.63999938964844,56.66259765625,6345300.0
NKE,2017-07-17,58.349998474121094,57.7599983215332,56.45744705200195,6885000.0
NKE,2017-07-18,58.08000183105469,57.470001220703125,56.320674896240234,4922500.0
NKE,2017-07-19,57.880001068115234,57.38999938964844,56.437904357910156,4451100.0
NKE,2017-07-20,59.59000015258789,58.79999923706055,57.73723602294922,11915500.0
NKE,2017-07-21,60.0,58.90999984741211,58.56763458251953,11048300.0
NKE,2017-07-24,59.77000045776367,58.7599983215332,57.590694427490234,7498900.0
NKE,2017-07-25,59.52000045776367,58.91999816894531,58.020545959472656,5157100.0
NKE,2017-07-26,59.130001068115234,58.31999969482422,57.01429748535156,5529500.0
NKE,2017-07-27,58.68000030517578,57.9900016784668,56.809139251708984,8259900.0
NKE,2017-07-28,58.7400016784668,57.970001220703125,57.3171501159668,5112800.0
NKE,2017-07-31,59.119998931884766,58.33000183105469,57.68838882446289,6225900.0
NKE,2017-08-01,59.939998626708984,58.900001525878906,58.460174560546875,9051700.0
NKE,2017-08-02,59.95000076293945,59.27000045776367,58.41132354736328,4468100.0
NKE,2017-08-03,60.529998779296875,59.63999938964844,58.75325393676758,5677200.0
NKE,2017-08-04,60.34000015258789,59.630001068115234,58.382015228271484,4106000.0
NKE,2017-08-07,60.099998474121094,59.709999084472656,58.41132354736328,4066700.0
NKE,2017-08-08,60.119998931884766,59.36000061035156,58.08893585205078,5586400.0
NKE,2017-08-09,59.970001220703125,59.2599983215332,58.5187873840332,5310900.0
NKE,2017-08-10,59.689998626708984,59.060001373291016,57.70792770385742,5585100.0
NKE,2017-08-11,59.27000045776367,58.59000015258789,57.61023712158203,4980000.0
NKE,2017-08-14,60.0,59.130001068115234,58.401554107666016,5900000.0
NKE,2017-08-15,59.0099983215332,58.290000915527344,57.20968246459961,8913000.0
NKE,2017-08-16,59.04999923706055,58.220001220703125,57.19015121459961,5489600.0
NKE,2017-08-17,58.7400016784668,57.41999816894531,56.13505172729492,9148600.0
NKE,2017-08-18,55.41999816894531,54.16999816894531,53.68292999267578,22905200.0
NKE,2017-08-21,54.439998626708984,53.11000061035156,52.37382507324219,14289300.0
NKE,2017-08-22,54.40999984741211,53.790000915527344,52.88184356689453,8212800.0
NKE,2017-08-23,54.08000183105469,53.45000076293945,52.37382507324219,6409400.0
NKE,2017-08-24,53.970001220703125,53.459999084472656,52.59851837158203,5461900.0
NKE,2017-08-25,54.20000076293945,53.540000915527344,52.65715026855469,6416600.0
NKE,2017-08-28,54.43000030517578,53.619998931884766,52.491058349609375,5269400.0
NKE,2017-08-29,52.880001068115234,52.06999969482422,51.51411819458008,12539900.0
NKE,2017-08-30,52.959999084472656,52.25,51.34804153442383,7434500.0
NKE,2017-08-31,52.97999954223633,52.470001220703125,51.76956558227539,7728900.0
NKE,2017-09-01,53.45000076293945,52.900001525878906,52.3087272644043,5509800.0
NKE,2017-09-05,53.470001220703125,52.880001068115234,51.96562194824219,6306500.0
NKE,2017-09-06,53.34000015258789,52.709999084472656,51.72054672241211,7407600.0
NKE,2017-09-07,52.849998474121094,52.34000015258789,51.35783386230469,6905800.0
NKE,2017-09-08,52.5099983215332,52.11000061035156,51.17158508300781,8563300.0
NKE,2017-09-11,53.130001068115234,52.31999969482422,51.9852294921875,8649900.0
NKE,2017-09-12,54.09000015258789,53.29999923706055,52.34794235229492,7823700.0
NKE,2017-09-13,53.63999938964844,53.040000915527344,52.465572357177734,6086000.0
NKE,2017-09-14,53.88999938964844,53.119998931884766,52.67144012451172,7497400.0
NKE,2017-09-15,54.060001373291016,53.52000045776367,52.808677673339844,10046800.0
NKE,2017-09-18,54.15999984741211,53.400001525878906,52.44597244262695,8166400.0
NKE,2017-09-19,54.04999923706055,52.5099983215332,52.27932357788086,14707200.0
NKE,2017-09-20,53.63999938964844,53.040000915527344,52.504791259765625,7058000.0
NKE,2017-09-21,53.63999938964844,53.09000015258789,52.1420783996582,8065400.0
NKE,2017-09-22,53.61000061035156,52.79999923706055,52.19110107421875,10962400.0
NKE,2017-09-25,53.560001373291016,53.0,52.1812858581543,12262400.0
NKE,2017-09-26,53.970001220703125,52.97999954223633,52.642032623291016,16183700.0
NKE,2017-09-27,52.689998626708984,51.029998779296875,51.632320404052734,36202500.0
NKE,2017-09-28,53.029998779296875,52.33000183105469,51.593109130859375,11334700.0
NKE,2017-09-29,52.81999969482422,51.7599983215332,50.82847595214844,12189900.0
NKE,2017-10-02,52.209999084472656,51.65999984741211,50.848087310791016,7516200.0
NKE,2017-10-03,52.04999923706055,51.400001525878906,50.45596694946289,8126700.0
NKE,2017-10-04,52.130001068115234,51.400001525878906,51.05394744873047,8204300.0
NKE,2017-10-05,52.31999969482422,51.779998779296875,51.151981353759766,5287400.0
NKE,2017-10-06,52.459999084472656,52.119998931884766,51.387245178222656,5360300.0
NKE,2017-10-09,52.29999923706055,51.5,50.504981994628906,6875100.0
NKE,2017-10-10,51.81999969482422,51.369998931884766,50.5147819519043,8372700.0
NKE,2017-10-11,51.52000045776367,50.83000183105469,50.024635314941406,9109600.0
NKE,2017-10-12,51.119998931884766,50.349998474121094,49.82857894897461,10658400.0
NKE,2017-10-13,51.06999969482422,50.400001525878906,49.97561264038086,16227900.0
NKE,2017-10-16,51.40999984741211,50.63999938964844,50.35792922973633,9299300.0
NKE,2017-10-17,52.040000915527344,51.380001068115234,50.97552490234375,9492700.0
NKE,2017-10-18,52.400001525878906,52.099998474121094,51.26961135864258,10890300.0
NKE,2017-10-19,52.79999923706055,51.47999954223633,51.65192794799805,12568200.0
NKE,2017-10-20,53.5,52.790000915527344,52.01464080810547,13020900.0
NKE,2017-10-23,53.95000076293945,53.0,52.60281753540039,12242600.0
NKE,2017-10-24,54.0,53.099998474121094,52.36754608154297,14767600.0
NKE,2017-10-25,55.90999984741211,52.66999816894531,53.85760498046875,24804000.0
NKE,2017-10-26,57.25,55.13999938964844,55.69076156616211,22185100.0
NKE,2017-10-27,56.36000061035156,55.650001525878906,54.85750198364258,12801800.0
NKE,2017-10-30,55.93000030517578,54.84000015258789,54.18109893798828,10169400.0
NKE,2017-10-31,55.279998779296875,54.52000045776367,53.906620025634766,9794800.0
NKE,2017-11-01,55.5,54.849998474121094,53.985042572021484,7544500.0
NKE,2017-11-02,55.31999969482422,54.59000015258789,54.0340461730957,7250300.0
NKE,2017-11-03,55.720001220703125,55.040000915527344,54.6124267578125,9448200.0
NKE,2017-11-06,56.130001068115234,55.13999938964844,54.93592834472656,9332200.0
NKE,2017-11-07,56.02000045776367,55.02000045776367,54.0634651184082,7774700.0
NKE,2017-11-08,55.77000045776367,54.88999938964844,54.66144561767578,7079400.0
NKE,2017-11-09,56.349998474121094,55.310001373291016,55.0241584777832,10958500.0
NKE,2017-11-10,56.4900016784668,55.619998931884766,54.984947204589844,7535700.0
NKE,2017-11-13,56.09000015258789,55.65999984741211,54.808494567871094,10106100.0
NKE,2017-11-14,56.18000030517578,55.529998779296875,54.87710952758789,5037500.0
NKE,2017-11-15,56.869998931884766,55.08000183105469,55.51430892944336,6610500.0
NKE,2017-11-16,57.279998779296875,56.40999984741211,56.102481842041016,8233300.0
NKE,2017-11-17,59.529998779296875,58.369998931884766,58.02386474609375,15475500.0
NKE,2017-11-20,59.5,57.97999954223633,58.08268737792969,8480600.0
NKE,2017-11-21,59.400001525878906,58.93000030517578,58.21992874145508,9057800.0
NKE,2017-11-22,59.34000015258789,58.939998626708984,57.90623092651367,8501300.0
NKE,2017-11-24,59.349998474121094,58.90999984741211,58.151309967041016,3400400.0
NKE,2017-11-27,59.70000076293945,59.16999816894531,58.455204010009766,7891600.0
NKE,2017-11-28,59.599998474121094,58.540000915527344,58.40618133544922,8665300.0
NKE,2017-11-29,60.630001068115234,59.72999954223633,59.17082214355469,12022800.0
NKE,2017-11-30,61.209999084472656,60.20000076293945,59.22962951660156,12551200.0
NKE,2017-12-01,60.43000030517578,59.2400016784668,58.89522933959961,10113500.0
NKE,2017-12-04,60.70000076293945,59.970001220703125,59.11160659790039,7513200.0
NKE,2017-12-05,60.79999923706055,59.650001525878906,59.42634201049805,8862900.0
NKE,2017-12-06,60.849998474121094,59.70000076293945,58.73786544799805,7862200.0
NKE,2017-12-07,61.060001373291016,59.650001525878906,59.60338592529297,6113300.0
NKE,2017-12-08,61.369998931884766,60.290000915527344,60.291873931884766,6065200.0
NKE,2017-12-11,62.220001220703125,61.29999923706055,60.89183807373047,9017800.0
NKE,2017-12-12,62.529998779296875,61.650001525878906,61.14756774902344,7358000.0
NKE,2017-12-13,64.45999908447266,62.02000045776367,63.2425422668457,16072600.0
NKE,2017-12-14,64.8499984741211,64.05000305175781,63.46875,13055100.0
NKE,2017-12-15,65.06999969482422,64.1500015258789,63.72447204589844,15659300.0
NKE,2017-12-18,65.08000183105469,64.38999938964844,63.744144439697266,12652000.0
NKE,2017-12-19,65.19000244140625,64.18000030517578,63.18352127075195,8212500.0
NKE,2017-12-20,64.5,63.58000183105469,62.544212341308594,12468600.0
NKE,2017-12-21,64.9800033569336,63.29999923706055,63.70480728149414,14352300.0
NKE,2017-12-22,63.540000915527344,60.130001068115234,62.2491455078125,20414200.0
NKE,2017-12-26,63.88999938964844,62.810001373291016,62.603233337402344,4563500.0
NKE,2017-12-27,63.599998474121094,62.77000045776367,61.914737701416016,8959700.0
NKE,2017-12-28,63.31999969482422,62.849998474121094,61.914737701416016,3987200.0
NKE,2017-12-29,63.369998931884766,62.54999923706055,61.52131652832031,5222100.0
NKE,2018-01-02,63.4900016784668,62.849998474121094,62.44585418701172,6511000.0
NKE,2018-01-03,63.65999984741211,62.7599983215332,62.4360237121582,6091100.0
NKE,2018-01-04,63.54999923706055,62.54999923706055,62.39667892456055,5780500.0
NKE,2018-01-05,64.30000305175781,63.470001220703125,62.927799224853516,11632300.0
NKE,2018-01-08,64.70999908447266,63.97999954223633,63.48843002319336,11905700.0
NKE,2018-01-09,64.72000122070312,63.470001220703125,63.035987854003906,8771300.0
NKE,2018-01-10,64.2300033569336,63.439998626708984,63.16386032104492,5010600.0
NKE,2018-01-11,64.30999755859375,63.779998779296875,63.232704162597656,5103500.0
NKE,2018-01-12,64.72000122070312,64.31999969482422,63.60645294189453,5135700.0
NKE,2018-01-16,65.36000061035156,63.369998931884766,62.377010345458984,9117000.0
NKE,2018-01-17,64.01000213623047,63.08000183105469,62.76059341430664,7422600.0
NKE,2018-01-18,64.20999908447266,63.540000915527344,63.055660247802734,5656900.0
NKE,2018-01-19,67.23999786376953,65.12000274658203,66.10469055175781,12896100.0
NKE,2018-01-22,66.83000183105469,65.76000213623047,65.29817199707031,8491800.0
NKE,2018-01-23,67.33000183105469,66.44000244140625,66.03582763671875,6412000.0
NKE,2018-01-24,68.18000030517578,67.06999969482422,66.8816909790039,7421800.0
NKE,2018-01-25,68.63999938964844,67.44999694824219,66.59646606445312,5707600.0
NKE,2018-01-26,68.63999938964844,67.91999816894531,66.92103576660156,6290500.0
NKE,2018-01-29,68.13999938964844,67.41999816894531,66.46859741210938,5067300.0
NKE,2018-01-30,68.30999755859375,67.16000366210938,66.22270202636719,6350500.0
NKE,2018-01-31,68.83000183105469,67.47000122070312,67.09806823730469,11036400.0
NKE,2018-02-01,67.97000122070312,66.69999694824219,66.53743743896484,5790500.0
NKE,2018-02-02,67.79000091552734,67.0,66.11451721191406,9348300.0
NKE,2018-02-05,67.20999908447266,64.38999938964844,63.3310546875,12549500.0
NKE,2018-02-06,65.41999816894531,62.09000015258789,64.14740753173828,13356700.0
NKE,2018-02-07,66.83999633789062,65.0999984741211,64.5506591796875,8845700.0
NKE,2018-02-08,65.70999908447266,62.459999084472656,61.46230697631836,14121800.0
NKE,2018-02-09,66.05000305175781,62.84000015258789,64.41297149658203,13733300.0
NKE,2018-02-12,66.81999969482422,65.68000030517578,64.89491271972656,9792200.0
NKE,2018-02-13,66.2300033569336,65.43000030517578,64.7867202758789,9538400.0
NKE,2018-02-14,68.02999877929688,65.55000305175781,66.84233856201172,8662600.0
NKE,2018-02-15,68.76000213623047,67.25,67.16692352294922,7390200.0
NKE,2018-02-16,69.0,67.73999786376953,67.1767578125,6842100.0
NKE,2018-02-20,67.97000122070312,67.05000305175781,66.38008117675781,4859100.0
NKE,2018-02-21,68.0199966430664,67.02999877929688,65.94731903076172,5107900.0
NKE,2018-02-22,67.4800033569336,66.73999786376953,66.02598571777344,6515800.0
NKE,2018-02-23,68.16000366210938,66.8499984741211,67.03905487060547,4428500.0
NKE,2018-02-26,69.80999755859375,68.33999633789062,68.50454711914062,6499500.0
NKE,2018-02-27,70.25,68.02999877929688,66.91119384765625,6843100.0
NKE,2018-02-28,68.30000305175781,67.01000213623047,65.92764282226562,6091800.0
NKE,2018-03-01,67.66999816894531,65.66999816894531,65.22931671142578,7323900.0
NKE,2018-03-02,66.08999633789062,64.20999908447266,65.00241088867188,8380500.0
NKE,2018-03-05,65.48999786376953,64.33999633789062,64.17373657226562,8838400.0
NKE,2018-03-06,65.36000061035156,64.62999725341797,64.36116790771484,6550100.0
NKE,2018-03-07,64.79000091552734,63.88999938964844,63.30558776855469,6457600.0
NKE,2018-03-08,65.25,64.4800033569336,64.23292541503906,5573000.0
NKE,2018-03-09,66.51000213623047,65.36000061035156,65.40689849853516,5838400.0
NKE,2018-03-12,67.61000061035156,66.31999969482422,65.91989135742188,7522700.0
NKE,2018-03-13,67.69000244140625,66.12999725341797,65.27864837646484,5167300.0
NKE,2018-03-14,66.9000015258789,65.66999816894531,65.30823516845703,6463800.0
NKE,2018-03-15,66.61000061035156,66.12999725341797,65.49568939208984,5260800.0
NKE,2018-03-16,66.69000244140625,65.91000366210938,65.02214813232422,12860900.0
NKE,2018-03-19,66.33999633789062,65.19000244140625,64.82483673095703,7255600.0
NKE,2018-03-20,66.87000274658203,65.93000030517578,65.90016174316406,6906200.0
NKE,2018-03-21,67.20999908447266,66.30999755859375,65.45622253417969,5805200.0
NKE,2018-03-22,66.1500015258789,64.2300033569336,63.55221939086914,12313300.0
NKE,2018-03-23,67.11000061035156,64.45999908447266,63.75938415527344,17343800.0
NKE,2018-03-26,66.05999755859375,64.98999786376953,65.01228332519531,10796000.0
NKE,2018-03-27,67.63999938964844,65.43000030517578,65.27864837646484,9452500.0
NKE,2018-03-28,67.1500015258789,65.2699966430664,64.55847930908203,7208400.0
NKE,2018-03-29,66.55000305175781,65.61000061035156,65.54501342773438,10748300.0
NKE,2018-04-02,66.05000305175781,63.209999084472656,63.25625991821289,12383900.0
NKE,2018-04-03,66.7300033569336,64.36000061035156,65.80149841308594,8766400.0
NKE,2018-04-04,68.5,65.93000030517578,67.49833679199219,10275800.0
NKE,2018-04-05,69.77999877929688,68.38999938964844,68.65257263183594,9093300.0
NKE,2018-04-06,69.30999755859375,66.93000030517578,66.64005279541016,9719300.0
NKE,2018-04-09,68.55000305175781,67.1500015258789,66.27503204345703,6504500.0
NKE,2018-04-10,67.87999725341797,66.48999786376953,66.09745788574219,10098900.0
NKE,2018-04-11,67.19999694824219,66.5199966430664,65.92975616455078,5185500.0
NKE,2018-04-12,68.0,67.06999969482422,66.85708618164062,5145300.0
NKE,2018-04-13,68.33000183105469,66.9800033569336,66.34410095214844,4300200.0
NKE,2018-04-16,67.9800033569336,67.05999755859375,66.15664672851562,6484400.0
NKE,2018-04-17,67.66999816894531,67.27999877929688,66.60059356689453,5605700.0
NKE,2018-04-18,67.73999786376953,66.16000366210938,65.30823516845703,7384000.0
NKE,2018-04-19,66.30000305175781,64.98999786376953,64.84457397460938,8274300.0
NKE,2018-04-20,66.11000061035156,65.44999694824219,65.19972229003906,10402800.0
NKE,2018-04-23,67.02999877929688,65.94999694824219,65.97908020019531,6338400.0
NKE,2018-04-24,67.51000213623047,66.72000122070312,66.06787109375,8176100.0
NKE,2018-04-25,67.0,66.25,65.77191162109375,5188900.0
NKE,2018-04-26,68.29000091552734,66.63999938964844,67.1333236694336,5355200.0
NKE,2018-04-27,70.0,68.44999694824219,68.62298583984375,7814900.0
NKE,2018-04-30,69.80999755859375,68.38999938964844,67.46875,6484100.0
NKE,2018-05-01,68.20999908447266,67.02999877929688,67.18264770507812,4957800.0
NKE,2018-05-02,68.55999755859375,67.4800033569336,67.34048461914062,5752100.0
NKE,2018-05-03,67.8499984741211,66.63999938964844,65.99881744384766,6155900.0
NKE,2018-05-04,68.33000183105469,66.80000305175781,67.18264770507812,5132900.0
NKE,2018-05-07,69.41999816894531,68.05999755859375,68.40593719482422,5041600.0
NKE,2018-05-08,69.2300033569336,68.19999694824219,67.53779602050781,6534900.0
NKE,2018-05-09,68.47000122070312,67.01000213623047,67.03466033935547,7956300.0
NKE,2018-05-10,68.2699966430664,67.33000183105469,67.00506591796875,4965200.0
NKE,2018-05-11,68.52999877929688,67.91000366210938,67.5082015991211,4145100.0
NKE,2018-05-14,68.88999938964844,68.11000061035156,67.91266632080078,3453800.0
NKE,2018-05-15,69.5199966430664,68.2300033569336,68.56378173828125,5045000.0
NKE,2018-05-16,71.51000213623047,69.62000274658203,70.37899780273438,9693000.0
NKE,2018-05-17,71.5999984741211,70.81999969482422,69.9843978881836,6064700.0
NKE,2018-05-18,71.58999633789062,70.47000122070312,70.35926818847656,5688100.0
NKE,2018-05-21,71.69999694824219,70.70999908447266,70.41845703125,5480700.0
NKE,2018-05-22,72.19000244140625,71.26000213623047,70.34940338134766,5675300.0
NKE,2018-05-23,71.91999816894531,70.83000183105469,70.37899780273438,6806400.0
NKE,2018-05-24,72.27999877929688,71.31999969482422,71.20768737792969,5613800.0
NKE,2018-05-25,73.48999786376953,71.62999725341797,71.27674102783203,5889700.0
NKE,2018-05-29,71.61000061035156,70.43000030517578,69.96466064453125,5857900.0
NKE,2018-05-30,72.29000091552734,70.94000244140625,71.25701141357422,5799900.0
NKE,2018-05-31,72.22000122070312,71.23999786376953,70.83280181884766,7856200.0
NKE,2018-06-01,72.94999694824219,72.12000274658203,71.98037719726562,4085900.0
NKE,2018-06-04,73.87000274658203,72.79000091552734,73.03890991210938,4581900.0
NKE,2018-06-05,74.22000122070312,73.13999938964844,73.25654602050781,4928700.0
NKE,2018-06-06,74.94000244140625,74.19000244140625,73.94905090332031,5318100.0
NKE,2018-06-07,75.91000366210938,74.6500015258789,73.95895385742188,6846300.0
NKE,2018-06-08,75.06999969482422,74.30000305175781,74.09744262695312,5524900.0
NKE,2018-06-11,75.20999908447266,74.54000091552734,73.79076385498047,4902800.0
NKE,2018-06-12,74.61000061035156,74.06999969482422,73.49398040771484,4356500.0
NKE,2018-06-13,74.9000015258789,73.98999786376953,73.31591033935547,4696200.0
NKE,2018-06-14,75.1500015258789,74.3499984741211,73.89958953857422,4636000.0
NKE,2018-06-15,75.8499984741211,74.5,75.0273666381836,10977300.0
NKE,2018-06-18,75.76000213623047,74.91000366210938,74.79983520507812,4515900.0
NKE,2018-06-19,74.91999816894531,73.6500015258789,73.46430206298828,7562200.0
NKE,2018-06-20,74.91000366210938,73.97000122070312,73.91937255859375,4424900.0
NKE,2018-06-21,74.79000091552734,73.55000305175781,73.14773559570312,5537900.0
NKE,2018-06-22,74.41000366210938,73.20999908447266,72.64319610595703,9404900.0
NKE,2018-06-25,73.36000061035156,72.02999877929688,71.57476806640625,9064100.0
NKE,2018-06-26,73.29000091552734,72.3499984741211,71.78251647949219,7072600.0
NKE,2018-06-27,72.94999694824219,71.1500015258789,70.58548736572266,7624700.0
NKE,2018-06-28,72.12000274658203,71.3499984741211,70.93172454833984,9118500.0
NKE,2018-06-29,81.0,78.36000061035156,78.82622528076172,31314100.0
NKE,2018-07-02,79.4800033569336,77.0199966430664,77.5104751586914,11867000.0
NKE,2018-07-03,77.88999938964844,76.0999984741211,75.462646484375,5794900.0
NKE,2018-07-05,77.41999816894531,76.13999938964844,75.72976684570312,6534500.0
NKE,2018-07-06,77.08000183105469,76.06999969482422,75.66051483154297,5916200.0
NKE,2018-07-09,77.37999725341797,76.3499984741211,76.45193481445312,4871400.0
NKE,2018-07-10,78.08999633789062,77.16000366210938,76.73883819580078,6281800.0
NKE,2018-07-11,77.63999938964844,76.83000183105469,76.53108978271484,3656600.0
NKE,2018-07-12,78.18000030517578,77.2300033569336,76.54098510742188,4879200.0
NKE,2018-07-13,77.61000061035156,77.13999938964844,76.55086517333984,2963100.0
NKE,2018-07-16,78.0999984741211,77.30000305175781,76.91691589355469,4755100.0
NKE,2018-07-17,78.0199966430664,77.4000015258789,76.63990783691406,4355400.0
NKE,2018-07-18,77.62000274658203,76.31999969482422,75.76932525634766,6101600.0
NKE,2018-07-19,77.16000366210938,75.80000305175781,76.12547302246094,4875100.0
NKE,2018-07-20,77.08000183105469,76.16000366210938,76.13536834716797,5246400.0
NKE,2018-07-23,76.94999694824219,76.12999725341797,75.76932525634766,4198200.0
NKE,2018-07-24,77.08999633789062,75.44000244140625,74.72069549560547,6054000.0
NKE,2018-07-25,77.18000030517578,75.05999755859375,76.33323669433594,5542400.0
NKE,2018-07-26,78.44000244140625,76.81999969482422,77.3126220703125,6706200.0
NKE,2018-07-27,78.41000366210938,76.79000091552734,76.06611633300781,6125700.0
NKE,2018-07-30,76.95999908447266,75.43000030517578,75.14608001708984,7275300.0
NKE,2018-07-31,77.58999633789062,76.16000366210938,76.0859146118164,8265600.0
NKE,2018-08-01,78.05999755859375,76.5,76.70915985107422,6878300.0
NKE,2018-08-02,79.06999969482422,77.4000015258789,77.80725860595703,5313800.0
NKE,2018-08-03,78.9800033569336,78.44000244140625,77.89629364013672,3762100.0
NKE,2018-08-06,79.58000183105469,78.43000030517578,78.6580581665039,4280600.0
NKE,2018-08-07,80.62999725341797,79.2699966430664,79.6671142578125,5418900.0
NKE,2018-08-08,81.08000183105469,80.04000091552734,79.63744354248047,5327100.0
NKE,2018-08-09,81.87999725341797,80.41000366210938,80.38928985595703,4558500.0
NKE,2018-08-10,81.29000091552734,80.29000091552734,79.86498260498047,5036700.0
NKE,2018-08-13,81.1500015258789,80.01000213623047,79.29119873046875,4101200.0
NKE,2018-08-14,80.8499984741211,79.68000030517578,79.28129577636719,6079700.0
NKE,2018-08-15,79.86000061035156,79.12000274658203,78.7174072265625,5057200.0
NKE,2018-08-16,80.61000061035156,79.80000305175781,79.19226837158203,5475800.0
NKE,2018-08-17,80.44000244140625,79.68000030517578,78.89547729492188,9001400.0
NKE,2018-08-20,82.41999816894531,80.94999694824219,81.2994384765625,9345200.0
NKE,2018-08-21,83.08000183105469,82.0199966430664,82.06118774414062,6337000.0
NKE,2018-08-22,83.68000030517578,82.27999877929688,81.75450897216797,4308300.0
NKE,2018-08-23,83.56999969482422,82.33999633789062,82.02161407470703,4156900.0
NKE,2018-08-24,82.87999725341797,82.0999984741211,81.56653594970703,3453000.0
NKE,2018-08-27,83.44999694824219,82.2300033569336,81.764404296875,4012400.0
NKE,2018-08-28,83.62999725341797,82.4800033569336,81.69515991210938,3788800.0
NKE,2018-08-29,83.0999984741211,82.22000122070312,81.90290069580078,5712400.0
NKE,2018-08-30,82.76000213623047,81.01000213623047,80.52778625488281,7122100.0
NKE,2018-08-31,82.25,81.25,81.51951599121094,5177100.0
NKE,2018-09-04,80.97000122070312,79.0,78.9410400390625,18565800.0
NKE,2018-09-05,80.31999969482422,79.30000305175781,79.2583999633789,12269100.0
NKE,2018-09-06,80.83999633789062,79.7699966430664,79.73442840576172,8576900.0
NKE,2018-09-07,81.16000366210938,80.01000213623047,79.63524627685547,6633900.0
NKE,2018-09-10,82.44000244140625,81.22000122070312,81.42034912109375,6965600.0
NKE,2018-09-11,83.58000183105469,82.55000305175781,81.94596099853516,7166800.0
NKE,2018-09-12,83.04000091552734,82.04000091552734,82.31289672851562,5384300.0
NKE,2018-09-13,83.9000015258789,83.12000274658203,82.77900695800781,5382100.0
NKE,2018-09-14,83.83999633789062,83.05999755859375,82.79883575439453,4884400.0
NKE,2018-09-17,83.93000030517578,82.94000244140625,82.57074737548828,4861100.0
NKE,2018-09-18,85.3499984741211,83.23999786376953,84.55419158935547,7277700.0
NKE,2018-09-19,85.8499984741211,84.12000274658203,83.7310562133789,8053100.0
NKE,2018-09-20,85.87000274658203,84.93000030517578,84.66328430175781,6620300.0
NKE,2018-09-21,86.04000091552734,85.01000213623047,84.841796875,13852700.0
NKE,2018-09-24,85.26000213623047,84.25,83.57238006591797,8770400.0
NKE,2018-09-25,85.0999984741211,84.06999969482422,84.08808135986328,10519500.0
NKE,2018-09-26,84.7300033569336,81.94999694824219,83.0071029663086,16357100.0
NKE,2018-09-27,84.91999816894531,83.7300033569336,83.84014892578125,6080600.0
NKE,2018-09-28,85.2699966430664,84.25,84.01866149902344,7452700.0
NKE,2018-10-01,85.8499984741211,84.37000274658203,83.76081085205078,7876400.0
NKE,2018-10-02,84.55000305175781,82.5,82.08479309082031,8446900.0
NKE,2018-10-03,82.95999908447266,81.75,81.81703186035156,10046700.0
NKE,2018-10-04,82.4800033569336,80.0199966430664,79.51624298095703,9161100.0
NKE,2018-10-05,80.98999786376953,79.43000030517578,79.45674133300781,7019100.0
NKE,2018-10-08,80.54000091552734,79.08000183105469,79.56583404541016,8058700.0
NKE,2018-10-09,81.48999786376953,80.16000366210938,79.75425720214844,7643400.0
NKE,2018-10-10,80.04000091552734,74.7699966430664,74.31961822509766,12977800.0
NKE,2018-10-11,77.06999969482422,73.9000015258789,73.89318084716797,11532100.0
NKE,2018-10-12,76.86000061035156,74.91000366210938,75.2815933227539,10393800.0
NKE,2018-10-15,76.16000366210938,74.97000122070312,74.36920166015625,5789000.0
NKE,2018-10-16,77.6500015258789,75.31999969482422,76.83859252929688,7744200.0
NKE,2018-10-17,77.80000305175781,75.94000244140625,75.84687042236328,6816900.0
NKE,2018-10-18,77.41000366210938,75.0,74.97415161132812,7622200.0
NKE,2018-10-19,76.05000305175781,74.13999938964844,73.59566497802734,7301200.0
NKE,2018-10-22,75.20999908447266,74.30000305175781,74.27995300292969,7042500.0
NKE,2018-10-23,74.37999725341797,72.06999969482422,72.74278259277344,11423800.0
NKE,2018-10-24,74.61000061035156,71.94999694824219,71.5229721069336,8333900.0
NKE,2018-10-25,73.5,72.2300033569336,72.4948501586914,7648000.0
NKE,2018-10-26,72.70999908447266,70.69000244140625,71.47338104248047,8371100.0
NKE,2018-10-29,74.01000213623047,71.38999938964844,71.5923843383789,9874200.0
NKE,2018-10-30,74.63999938964844,72.80999755859375,73.89318084716797,9470000.0
NKE,2018-10-31,76.33999633789062,74.91999816894531,74.41879272460938,8755500.0
NKE,2018-11-01,76.83999633789062,74.83999633789062,76.15430450439453,6117800.0
NKE,2018-11-02,78.58999633789062,75.70999908447266,75.946044921875,6995100.0
NKE,2018-11-05,77.7699966430664,76.05000305175781,76.88817596435547,7143300.0
NKE,2018-11-06,77.58000183105469,76.36000061035156,75.93612670898438,6424200.0
NKE,2018-11-07,78.2300033569336,76.56999969482422,77.32453918457031,5403900.0
NKE,2018-11-08,78.16000366210938,77.23999786376953,77.1361083984375,5425000.0
NKE,2018-11-09,77.7699966430664,75.52999877929688,75.72787475585938,4737600.0
NKE,2018-11-12,76.7699966430664,74.98999786376953,74.47828674316406,5204900.0
NKE,2018-11-13,76.2699966430664,74.83999633789062,74.57746887207031,4584600.0
NKE,2018-11-14,77.48999786376953,74.88999938964844,74.57746887207031,7984200.0
NKE,2018-11-15,74.66999816894531,72.88999938964844,73.71466827392578,7858300.0
NKE,2018-11-16,75.5199966430664,73.05999755859375,74.12127685546875,8064200.0
NKE,2018-11-19,74.75,71.86000061035156,71.91964721679688,6744900.0
NKE,2018-11-20,72.06999969482422,69.5199966430664,70.53124237060547,9053900.0
NKE,2018-11-21,72.9000015258789,71.80999755859375,71.7708969116211,7326100.0
NKE,2018-11-23,72.5199966430664,71.41000366210938,70.89818572998047,2582300.0
NKE,2018-11-26,73.0,72.2699966430664,72.10807800292969,6458300.0
NKE,2018-11-27,72.55000305175781,71.30000305175781,71.49320983886719,5008000.0
NKE,2018-11-28,74.76000213623047,72.30000305175781,74.04194641113281,6167200.0
NKE,2018-11-29,74.94999694824219,73.31999969482422,73.72457885742188,5436700.0
NKE,2018-11-30,75.4800033569336,73.9000015258789,74.7192611694336,7947300.0
NKE,2018-12-03,79.0,76.93000030517578,77.52420806884766,10211800.0
NKE,2018-12-04,78.4000015258789,75.41000366210938,75.38567352294922,8800400.0
NKE,2018-12-06,75.56999969482422,73.58999633789062,75.13700866699219,9693700.0
NKE,2018-12-07,75.97000122070312,72.87000274658203,72.94873809814453,6133700.0
NKE,2018-12-10,73.70999908447266,70.61000061035156,72.12318420410156,7235000.0
NKE,2018-12-11,74.56999969482422,72.55999755859375,73.17752075195312,7794500.0
NKE,2018-12-12,75.27999877929688,73.51000213623047,73.92352294921875,6950400.0
NKE,2018-12-13,74.58999633789062,72.58999633789062,72.54093170166016,7454800.0
NKE,2018-12-14,73.6500015258789,71.41000366210938,72.14306640625,7221200.0
NKE,2018-12-17,71.7699966430664,69.45999908447266,69.527099609375,10647700.0
NKE,2018-12-18,72.41000366210938,70.43000030517578,70.77043151855469,7533300.0
NKE,2018-12-19,72.0,68.31999969482422,68.60205841064453,8426100.0
NKE,2018-12-20,69.56999969482422,66.52999877929688,67.16974639892578,14488500.0
NKE,2018-12-21,74.29000091552734,71.25,71.98392486572266,28487900.0
NKE,2018-12-24,71.93000030517578,68.08000183105469,67.73670196533203,8551400.0
NKE,2018-12-26,73.01000213623047,68.6500015258789,72.6205062866211,10019200.0
NKE,2018-12-27,73.7300033569336,70.98999786376953,73.27698516845703,9004900.0
NKE,2018-12-28,74.45999908447266,72.56999969482422,72.94873809814453,6197000.0
NKE,2018-12-31,74.45999908447266,73.5199966430664,73.74447631835938,5519100.0
NKE,2019-01-02,74.63999938964844,72.19000244140625,73.66490173339844,6762700.0
NKE,2019-01-03,73.31999969482422,71.20999908447266,72.36190032958984,8007400.0
NKE,2019-01-04,75.12000274658203,73.12000274658203,74.25176239013672,7844200.0
NKE,2019-01-07,76.36000061035156,74.30000305175781,75.31605529785156,8184800.0
NKE,2019-01-08,77.4000015258789,76.19999694824219,76.32066345214844,8809000.0
NKE,2019-01-09,77.1500015258789,76.13999938964844,76.18140411376953,8591000.0
NKE,2019-01-10,77.33999633789062,75.45999908447266,76.01231384277344,11148600.0
NKE,2019-01-11,76.88999938964844,75.80000305175781,75.63434600830078,10689900.0
NKE,2019-01-14,76.80999755859375,75.45999908447266,75.68407440185547,5677400.0
NKE,2019-01-15,77.9800033569336,76.12999725341797,77.46452331542969,6212400.0
NKE,2019-01-16,78.8499984741211,77.58999633789062,77.2656021118164,5697100.0
NKE,2019-01-17,79.4000015258789,77.30999755859375,78.70785522460938,7737300.0
NKE,2019-01-18,80.97000122070312,79.73999786376953,80.02081298828125,10404100.0
NKE,2019-01-22,81.30999755859375,80.19999694824219,80.31922149658203,8781700.0
NKE,2019-01-23,81.4000015258789,80.22000122070312,80.07054901123047,5823000.0
NKE,2019-01-24,80.87000274658203,79.55000305175781,80.01087188720703,4753200.0
NKE,2019-01-25,81.33000183105469,80.43000030517578,80.17996215820312,4457100.0
NKE,2019-01-28,80.51000213623047,79.73999786376953,79.89151763916016,5452000.0
NKE,2019-01-29,80.83000183105469,79.83999633789062,79.79204559326172,4187500.0
NKE,2019-01-30,81.29000091552734,80.05999755859375,80.84638977050781,5200200.0
NKE,2019-01-31,81.94999694824219,80.70999908447266,81.44318389892578,8599200.0
NKE,2019-02-01,81.9000015258789,81.12999725341797,81.07516479492188,5351900.0
NKE,2019-02-04,82.0,80.83000183105469,81.55260467529297,4236600.0
NKE,2019-02-05,83.19000244140625,81.93000030517578,82.41796112060547,6545600.0
NKE,2019-02-06,82.70999908447266,81.63999938964844,82.26876068115234,3682800.0
NKE,2019-02-07,82.8499984741211,81.70999908447266,81.9504623413086,4827500.0
NKE,2019-02-08,82.72000122070312,81.94000244140625,81.92062377929688,3786500.0
NKE,2019-02-11,83.83000183105469,82.87000274658203,83.23358154296875,6158500.0
NKE,2019-02-12,84.83999633789062,83.62000274658203,84.25809478759766,6290300.0
NKE,2019-02-13,85.58999633789062,84.76000213623047,84.94441223144531,5032800.0
NKE,2019-02-14,85.13999938964844,83.69999694824219,84.2282485961914,5179000.0
NKE,2019-02-15,85.77999877929688,85.0999984741211,84.92451477050781,6111300.0
NKE,2019-02-19,85.05000305175781,84.45999908447266,84.11883544921875,5105900.0
NKE,2019-02-20,84.94999694824219,84.3499984741211,84.38739013671875,6436100.0
NKE,2019-02-21,84.1500015258789,83.3499984741211,83.50214385986328,8579200.0
NKE,2019-02-22,85.0199966430664,84.02999877929688,84.30782318115234,4449500.0
NKE,2019-02-25,85.7300033569336,84.95999908447266,84.71563720703125,6229700.0
NKE,2019-02-26,86.08000183105469,85.19999694824219,85.34227752685547,6678700.0
NKE,2019-02-27,86.22000122070312,85.05999755859375,85.7103042602539,4588200.0
NKE,2019-02-28,86.4000015258789,85.68000030517578,85.27265167236328,4988100.0
NKE,2019-03-01,87.98999786376953,86.23999786376953,86.91807556152344,6314900.0
NKE,2019-03-04,87.98999786376953,85.11000061035156,85.40229034423828,7339500.0
NKE,2019-03-05,86.25,85.44000244140625,85.20285034179688,4976300.0
NKE,2019-03-06,85.98999786376953,85.04000091552734,84.89370727539062,3198000.0
NKE,2019-03-07,85.41000366210938,84.66000366210938,85.02334594726562,4321800.0
NKE,2019-03-08,84.87999725341797,84.0199966430664,84.56462860107422,4669700.0
NKE,2019-03-11,85.94000244140625,85.05000305175781,85.58179473876953,3999800.0
NKE,2019-03-12,86.08000183105469,85.0199966430664,85.19287109375,4431600.0
NKE,2019-03-13,86.66000366210938,85.5999984741211,85.69149017333984,5037800.0
NKE,2019-03-14,86.87999725341797,85.69999694824219,86.6288833618164,5906100.0
NKE,2019-03-15,87.61000061035156,85.95999908447266,86.55907440185547,11031400.0
NKE,2019-03-18,87.83999633789062,87.0,87.57624053955078,7750700.0
NKE,2019-03-19,88.58999633789062,87.29000091552734,87.44660186767578,6642200.0
NKE,2019-03-20,87.58000183105469,86.08999633789062,86.44937896728516,5991500.0
NKE,2019-03-21,88.12000274658203,86.83000183105469,87.76571655273438,10386900.0
NKE,2019-03-22,85.9000015258789,82.1500015258789,81.96186828613281,21659800.0
NKE,2019-03-25,83.22000122070312,80.88999938964844,82.10147857666016,15558300.0
NKE,2019-03-26,84.08999633789062,82.91000366210938,83.1485595703125,9611900.0
NKE,2019-03-27,83.80000305175781,82.04000091552734,82.85936737060547,6485100.0
NKE,2019-03-28,84.72000122070312,83.69999694824219,83.80673217773438,6032700.0
NKE,2019-03-29,84.8499984741211,83.86000061035156,83.97625732421875,6492000.0
NKE,2019-04-01,85.31999969482422,84.69999694824219,84.9934310913086,6737400.0
NKE,2019-04-02,85.26000213623047,84.16000366210938,84.13581848144531,4433800.0
NKE,2019-04-03,84.98999786376953,84.25,84.23554229736328,4080900.0
NKE,2019-04-04,85.37999725341797,84.36000061035156,85.04328918457031,3660700.0
NKE,2019-04-05,86.16000366210938,85.05000305175781,85.16295623779297,7367400.0
NKE,2019-04-08,85.29000091552734,84.56999969482422,84.49481964111328,4705800.0
NKE,2019-04-09,84.5999984741211,83.97000122070312,84.04606628417969,3804500.0
NKE,2019-04-10,85.01000213623047,84.55999755859375,84.64440155029297,3918400.0
NKE,2019-04-11,85.05000305175781,84.27999877929688,84.76406860351562,3347400.0
NKE,2019-04-12,86.48999786376953,85.29000091552734,86.00062561035156,6037000.0
NKE,2019-04-15,87.23999786376953,86.44000244140625,86.5889892578125,5034900.0
NKE,2019-04-16,87.94999694824219,87.0,87.5562973022461,4652700.0
NKE,2019-04-17,88.97000122070312,87.44999694824219,88.48371887207031,5694900.0
NKE,2019-04-18,90.0,88.69999694824219,88.95240783691406,7016600.0
NKE,2019-04-22,88.63999938964844,87.30000305175781,87.11751556396484,5390500.0
NKE,2019-04-23,87.66999816894531,87.01000213623047,87.18732452392578,7513700.0
NKE,2019-04-24,88.81999969482422,87.43000030517578,88.14466094970703,8063000.0
NKE,2019-04-25,88.54000091552734,87.48999786376953,87.31696319580078,7069900.0
NKE,2019-04-26,88.94000244140625,87.33000183105469,88.06488037109375,6219600.0
NKE,2019-04-29,88.51000213623047,88.12999725341797,88.01502227783203,5008400.0
NKE,2019-04-30,88.4000015258789,87.26000213623047,87.58621215820312,7614100.0
NKE,2019-05-01,87.94999694824219,85.87000274658203,85.66157531738281,6524600.0
NKE,2019-05-02,86.27999877929688,84.98999786376953,85.03331756591797,6813700.0
NKE,2019-05-03,86.30000305175781,85.69999694824219,85.46212005615234,6798300.0
NKE,2019-05-06,83.87000274658203,82.86000061035156,83.3380355834961,12836600.0
NKE,2019-05-07,83.62999725341797,81.83000183105469,82.31089782714844,9811300.0
NKE,2019-05-08,83.98999786376953,82.13999938964844,82.54025268554688,9501300.0
NKE,2019-05-09,83.01000213623047,81.54000091552734,82.74967956542969,6336600.0
NKE,2019-05-10,84.2699966430664,82.19000244140625,83.71697998046875,5450500.0
NKE,2019-05-13,82.62999725341797,81.31999969482422,82.3009262084961,6445200.0
NKE,2019-05-14,84.0,82.05999755859375,83.43775939941406,7529200.0
NKE,2019-05-15,84.48999786376953,82.94000244140625,83.77681732177734,4862200.0
NKE,2019-05-16,85.4000015258789,84.19999694824219,84.04606628417969,6745200.0
NKE,2019-05-17,85.5199966430664,83.5,84.33525848388672,5068200.0
NKE,2019-05-20,83.80000305175781,82.73999786376953,82.62003326416016,7181900.0
NKE,2019-05-21,83.80000305175781,82.51000213623047,83.40784454345703,5762500.0
NKE,2019-05-22,83.33999633789062,82.76000213623047,82.96906280517578,5237800.0
NKE,2019-05-23,83.05999755859375,81.98999786376953,82.4106216430664,9704200.0
NKE,2019-05-24,83.16999816894531,82.08999633789062,81.93195343017578,5999000.0
NKE,2019-05-28,83.19000244140625,81.12999725341797,80.974609375,7927300.0
NKE,2019-05-29,80.86000061035156,77.69999694824219,78.65108489990234,10116900.0
NKE,2019-05-30,79.7300033569336,78.61000061035156,79.04000091552734,6177800.0
NKE,2019-05-31,78.26000213623047,77.06999969482422,77.13999938964844,8891100.0
NKE,2019-06-03,78.58000183105469,77.08000183105469,77.95999908447266,11665500.0
NKE,2019-06-04,81.6500015258789,78.77999877929688,81.62000274658203,7526800.0
NKE,2019-06-05,82.9000015258789,81.93000030517578,82.72000122070312,8173200.0
NKE,2019-06-06,83.05999755859375,82.08000183105469,82.44999694824219,4953000.0
NKE,2019-06-07,83.68000030517578,82.80999755859375,83.41000366210938,3891100.0
NKE,2019-06-10,84.19999694824219,82.44999694824219,82.58000183105469,4419800.0
NKE,2019-06-11,84.33999633789062,83.12999725341797,83.26000213623047,3939400.0
NKE,2019-06-12,84.0199966430664,82.5199966430664,82.62999725341797,4025900.0
NKE,2019-06-13,83.91999816894531,83.05000305175781,83.61000061035156,3383400.0
NKE,2019-06-14,83.86000061035156,83.04000091552734,83.44000244140625,4355600.0
NKE,2019-06-17,83.45999908447266,82.01000213623047,82.11000061035156,5101900.0
NKE,2019-06-18,84.6500015258789,82.5,84.30000305175781,6456500.0
NKE,2019-06-19,83.9000015258789,83.13999938964844,83.55000305175781,6217700.0
NKE,2019-06-20,85.66999816894531,84.41999816894531,85.23999786376953,6163800.0
NKE,2019-06-21,85.75,84.5999984741211,85.75,9289800.0
NKE,2019-06-24,86.8499984741211,84.37000274658203,84.5,8043300.0
NKE,2019-06-25,84.69000244140625,82.16000366210938,82.62000274658203,7339900.0
NKE,2019-06-26,83.69000244140625,82.44000244140625,82.55000305175781,5838500.0
NKE,2019-06-27,83.7699966430664,82.93000030517578,83.66000366210938,11436700.0
NKE,2019-06-28,84.75,82.66999816894531,83.94999694824219,12443800.0
NKE,2019-07-01,86.27999877929688,84.9000015258789,85.41000366210938,6607600.0
NKE,2019-07-02,85.47000122070312,84.22000122070312,84.95999908447266,7187200.0
NKE,2019-07-03,86.29000091552734,85.12000274658203,86.19999694824219,4012800.0
NKE,2019-07-05,86.91000366210938,85.41999816894531,86.81999969482422,6440900.0
NKE,2019-07-08,88.5199966430664,85.97000122070312,88.4800033569336,7052000.0
NKE,2019-07-09,88.80000305175781,87.81999969482422,88.04000091552734,6219700.0
NKE,2019-07-10,88.94000244140625,87.38999938964844,87.44000244140625,5985500.0
NKE,2019-07-11,88.30000305175781,87.4000015258789,88.29000091552734,3942400.0
NKE,2019-07-12,89.30999755859375,88.01000213623047,89.12000274658203,4240900.0
NKE,2019-07-15,89.87000274658203,89.05999755859375,89.4800033569336,3750900.0
NKE,2019-07-16,89.70999908447266,88.56999969482422,88.5999984741211,5812800.0
NKE,2019-07-17,88.69000244140625,87.44000244140625,87.5,4461500.0
